"year.x","geo","regionname.x","weighted_avg_left_right","avg_GDP_per_inhabitant_million_euros","available_hospital_beds_per_100k","real_labour_productivity_per_person_employed_2019_base_year","railway_km_per_square_km","raw_milk_on_farms","pop_density_per_square_km","percentage_of_population_at_risk_poverty","net_migration_per_capita","count_of_all_crime_per_100k","percentage_individuals_regularly_using_internet","inability_to_afford_meal_with_meat_every_second_day_percent_2021","inability_to_meet_unexpected_financial_expenses_percent_2021","average_age","F.M_ratio","disposable_income_avg","gross_income_per_capita","employment_rate","proportion_with_higher_educ","total_votes","total_weighted_score"
NA,"AL01",NA,NA,3165.02,NA,NA,NA,NA,74.8,25.9,NA,32.93,NA,NA,NA,45.7534383983951,0.993554395353807,NA,NA,NA,NA,NA,NA
NA,"AL02",NA,NA,6789.07,NA,NA,NA,NA,236.2,22.7,NA,50.51,NA,NA,NA,44.8655085655045,1.03570079208408,NA,NA,NA,NA,NA,NA
NA,"AL03",NA,NA,3800.1,NA,NA,NA,NA,67.1,20.8,NA,57.49,NA,NA,NA,46.1982111202043,1.00645215569887,NA,NA,NA,NA,NA,NA
2019,"AT11","Burgenland",5.55002465798089,9222.79,587.21,101.5,NA,28.05,77.8,NA,2017,1315.8,78.39,NA,13.3,51.7666503060517,1.05625943565405,6390.49,27500,72,0.2995,150284,834079.9057
2019,"AT12","Niederösterreich",5.72453789284542,63009.7,671.36,104.2,NA,741.6,88.9,NA,9888,1778.08,87.77,NA,15.4,50.5858412272613,1.0507012697547,36941.78,29300,74.45,0.31225,840916,4813855.5067
2019,"AT13","Wien",4.98527300713402,99781.12,751.91,99.9,NA,0,4808.9,NA,12659,4783.99,88.27,NA,26.3,47.1298933926375,1.07661170268371,37613.67,26700,67.15,0.405851462865716,654610,3263409.5632
2019,"AT21","Kärnten",5.59767288555412,21442.25,803.93,104.8,NA,234.6,59.9,NA,1578,1717.66,83.75,NA,18.3,51.4228938879366,1.07241733850505,11549.33,26200,72.25,0.298074518629657,220838,1236178.8847
2019,"AT22","Steiermark",5.67038885784228,50916.68,801.3,103.3,NA,577.48,76.6,NA,4861,1703.95,83.64,NA,17.4,50.138547911588,1.0418278657857,26104.08,27400,74.65,0.291927018245439,531459,3013579.192
2019,"AT31","Oberösterreich",5.54429231203434,67961.27,676.7,103.5,NA,1191.36,126.8,NA,6818,1771.6,84.76,NA,11.6,49.4043914213404,1.03072113017587,31861.52,29200,77.1,0.30675,666119,3693158.4506
2019,"AT32","Salzburg",5.62603625305342,29678.08,869.23,104.2,NA,389.53,78.9,NA,1750,2666.86,86.48,NA,23,49.2663882331578,1.06535206430827,12045.52,29700,77.25,0.31525,221882,1248316.1759
2019,"AT33","Tirol",5.62348735232505,36095.54,665.33,101.1,NA,430.74,60.4,NA,2972,2200.74,88.24,NA,17.3,48.746241389782,1.04664018362743,15835.85,29100,76.45,0.288822205551388,282123,1586515.1223
2019,"AT34","Vorarlberg",5.51651245578628,18899.89,529.42,100.6,NA,188,156.3,NA,1708,2213.31,87.52,NA,25.1,48.7292576281949,1.03015277405521,8792,31900,77.05,0.273,142207,784486.6868
2019,"BE10","Région de Bruxelles-Capitale/ Brussels Hoofdstedelijk Gewest",3.72013318206187,87454.96,706.21,101.2,NA,0,7526.7,NA,6641,7674.9,88.13,8.9,35.7,45.5333417365092,1.06076949154035,21299.83,24600,56.9,0.439640089977506,397299,1478005.1931
2019,"BE21","Prov. Antwerpen",6.193443940365,91705.01,547.31,100.2,NA,825.93,665.8,NA,7271,3427.34,91.48,2.1,22,49.7650026751734,1.03064377482982,36594.23,28300,69.25,0.378594648662166,1046969,6484343.8088
2019,"BE22","Prov. Limburg (BE)",6.49978709293954,29540.63,481.2,99.9,NA,360.58,367.5,NA,2198,2162.39,90.78,1,12.3,50.4930214896923,1.01983064566341,16667.57,26000,68.05,0.352,477816,3105702.2696
2019,"BE23","Prov. Oost-Vlaanderen",6.39133495300521,57692.55,598.4,98.9,NA,743.66,512.3,NA,6332,2823.01,88.46,0.8,10.9,49.9356316908776,1.04069612048805,31176.12,30000,71.45,0.393,888822,5680759.1156
2019,"BE24","Prov. Vlaams-Brabant",6.09064566117311,52010.44,402.85,100.8,NA,145.73,544.7,NA,6637,2774.62,93.76,1.4,9.5,49.9745821253602,1.06112901549018,25314.58,33800,70.15,0.4635,603677,3676782.7008
2019,"BE25","Prov. West-Vlaanderen",6.56593988581667,48494.07,658.29,101.1,NA,897.27,380.8,NA,3539,2602.44,88.85,1.5,11.2,51.7092284999679,1.03146377375034,24247.39,27700,72.35,0.358910272431892,694322,4558876.5134
2019,"BE31","Prov. Brabant Wallon",4.15896036970447,22737.29,235.76,119.6,NA,48.74,369.7,NA,2659,3208.5,91.92,6.8,26.3,49.5915836793307,1.09013558835428,8423.87,31500,65.2,0.51725,199673,830432.0939
2019,"BE32","Prov. Hainaut",3.25154320533771,34843.36,610.59,99.9,NA,385.32,354.8,NA,4208,4361.39,82.5,7,41.2,49.3858721389848,1.08208567635114,22299.43,20900,55.7,0.300325081270318,597859,1943964.3692
2019,"BE33","Prov. Liège",3.40209005377972,32794.78,571.76,100.1,NA,537.63,289.7,NA,2847,4793.32,88.19,5.4,29.1,49.2714451307188,1.06216089912844,18998.66,22700,59,0.35008752188047,478805,1628937.7282
2019,"BE34","Prov. Luxembourg (BE)",3.78817437574791,7323.64,405.35,100.5,NA,165.13,64.6,NA,906,2782.15,88.1,5,27.8,48.4057346519107,1.01823043266894,5180.69,25000,65.25,0.379155211197201,112815,427362.8922
2019,"BE35","Prov. Namur",3.54730589359683,13802.93,512.68,99.4,NA,182.91,135.9,NA,1761,3435.16,85.8,4.1,27.1,49.1314193512491,1.05761655226964,8742.37,24700,60.75,0.355177588794397,228621,810988.6207
2019,"BG31","Северозападен",5.50576644291796,3960.79,792.68,116.4,34,120,39,31.7,-4899,672.1,62.22,19.7,38.8,53.5290444482949,1.0770053365963,5172.02,3300,60.1,0.18304576144036,191435,1053996.399
2019,"BG32","Северен централен",5.50322384646839,4583.29,674.11,109.7,43,119,53.1,23.7,-2608,539.81,69.05,23.7,43.3,52.9067078033158,1.10423186091593,5990.88,3900,69.75,0.25406351587897,185864,1022851.197
2019,"BG33","Североизточен",5.41235247229182,6339.33,536.38,109.1,33,142,63.7,22.7,860,763.06,64.93,19.9,34.7,51.064390414721,1.0909684086212,6828.11,3800,67.65,0.218054513628407,206347,1116822.6956
2019,"BG34","Югоизточен",5.47393741022362,6857.5,670.17,105,32,163,52.5,24.9,-593,723.59,63.41,30.4,44.7,51.4693493109827,1.09704935820117,7663.73,3700,69.8,0.20225,213447,1168395.5184
2019,"BG41","Югозападен",5.78188777780486,31073.97,739.34,108.8,43,54,103.7,14.4,2714,950.81,73.71,17.8,25.9,49.6757574096834,1.11552849730068,28664.37,8400,75.85,0.369026770077558,410270,2372135.0986
2019,"BG42","Южен централен",5.49701858908623,8715.95,824.74,111.1,35,224,63.7,27.9,581,391.76,61.31,25.9,41.8,51.6251216814655,1.10083251023,10778.85,3900,69.45,0.212946763309173,329602,1811828.321
NA,"CH01",NA,NA,119750.64,501.31,NA,NA,NA,199.7,20.3,299,3554.65,95.21,1.6,29.2,48.2039510685636,1.06198140449482,NA,NA,73.65,0.406601650412603,NA,NA
NA,"CH02",NA,NA,127928.65,426.12,NA,NA,NA,193,19.2,4966,2576.99,93.94,1.7,19.2,49.7534932577841,1.04274417299404,NA,NA,82.3,0.376717461903572,NA,NA
NA,"CH03",NA,NA,93080.41,541.62,NA,NA,NA,603,14,3987,2583.39,96.28,1.3,18.4,49.6563849920206,1.03056889878585,NA,NA,80.95,0.42825,NA,NA
NA,"CH04",NA,NA,139303.2,410.49,NA,NA,NA,925.1,10.8,5199,3133.47,97.39,1.4,15.4,48.2178354904864,1.02361495294997,NA,NA,82.65,0.510127531882971,NA,NA
NA,"CH05",NA,NA,77217.42,498.28,NA,NA,NA,104.6,13.9,1227,1634,94.52,1.3,12,49.4080712577047,1.00368746984908,NA,NA,82.65,0.363590897724431,NA,NA
NA,"CH06",NA,NA,59339.91,330.39,NA,NA,NA,191.9,13,1631,1753.99,92.89,1.6,10.7,48.9927070518478,0.993907940889996,NA,NA,85.35,0.399599899974994,NA,NA
NA,"CH07",NA,NA,27822.95,548.5,NA,NA,NA,128.9,22.9,-355,1753.52,93.48,2.2,29.5,51.6209682588411,1.07126436781609,NA,NA,71.3,0.376594148537134,NA,NA
2019,"CY00","Κύπρος",5.15099650384557,23177.86,NA,104.2,NA,238.76,95.7,NA,7806,216.92,85.5,NA,NA,46.4963391660404,1.06889251338934,15554.51,16300,70.7,0.42225,250418,1289902.2425
2019,"CZ01","Praha",6.57341918813318,61601.72,824.72,108.3,503,4.58,2714.3,5.1,17057,2404.34,94.68,2.9,14.4,48.77443798022,1.07496290973156,24014.69,16900,79.25,0.433141714571357,301749,1983522.6666
2019,"CZ02","Střední Čechy",6.36658567652527,26752.43,499.04,116.8,120,393.2,128.5,7.5,13624,772.35,89.24,2.4,14.8,49.0355393922927,1.04401779398824,20723.46,13700,76.95,0.2185,267854,1705315.4398
2019,"CZ03","Jihozápad",6.22899798339567,21839.53,675.31,110,98,708.66,71.8,8,5769,713.24,86.4,5.4,14,49.7690333225926,1.03438975187424,16513.95,12000,75.2,0.192451887028243,234999,1463808.2971
2019,"CZ04","Severozápad",6.1722464757089,16282.37,625.64,102.9,179,103.92,131.7,16.9,1229,876.58,77.09,6.1,28.4,49.3828059814675,1.03328716652324,13855.3,11000,72.2,0.144572286143072,166913,1030228.176
2019,"CZ05","Severovýchod",6.2875073024948,26104.2,635.02,113.2,147,617.44,123.7,10.5,3577,550.59,83.49,3.3,19.4,49.7634705477763,1.04364055880071,20199.28,11800,74.6,0.19,300144,1887157.5918
2019,"CZ06","Jihovýchod",6.19969144657582,32403.02,709.62,107.7,103,772.37,124,9.9,4179,703.79,82.17,4.7,15.2,49.6113568810281,1.04886753034616,23390.25,12300,74.75,0.245561390347587,341980,2120170.4809
2019,"CZ07","Střední Morava",6.21749639067747,20772.66,637.95,110.1,105,367.51,133.2,11.6,142,504.2,80.85,3,19.5,49.9276241091677,1.06153015145056,15481,11100,73.65,0.190452386903274,231096,1436838.5459
2019,"CZ08","Moravskoslezsko",6.04133566370174,19857.55,686.9,102.2,125,188.12,226.2,13,-1385,1019.94,83.72,3.3,21.3,49.5600315291538,1.05840349190526,15041.78,10900,72.6,0.193403298350825,199668,1206261.4093
2019,"DE11","Stuttgart",5.09817567522778,220990.79,NA,99.7,NA,699.16,393.3,NA,9705,1251.49,NA,10.4,29,49.9111151248521,1.01583557595905,98339.91,34500,79.4,0.319,1562880,7967836.7993
2019,"DE12","Karlsruhe",5.05116668936251,129135.63,NA,102.8,NA,162.91,409.3,NA,16066,1512.91,NA,8.7,30.9,49.9308393105376,1.02603384511935,63237.74,31900,77.7,0.30625,1073618,5423023.4787
2019,"DE13","Freiburg",4.95272330086542,90681.69,NA,102.8,NA,398.26,244.9,NA,3298,1443.97,NA,10.5,28.2,50.3246145858764,1.04378145007806,52256.16,31600,79.5,0.287821955488872,874607,4331686.468
2019,"DE14","Tübingen",5.08523805948289,84683.96,NA,104.9,NA,1133.78,214.2,NA,6306,1147.1,NA,10.8,31,49.9203709071722,1.02535327961961,43083.87,32700,79.75,0.295426143464134,744214,3784505.3572
2019,"DE21","Oberbayern",5.60053436634712,286849.73,NA,101.7,NA,2503.47,273.4,NA,12756,1110.91,NA,7.2,22.4,49.3978911598852,1.03590602536197,124419,40500,81.15,0.37890527368158,1720887,9637886.7841
2019,"DE22","Niederbayern",6.50002211816239,50310.3,NA,101.6,NA,1005.9,121,NA,4167,831.3,NA,8.5,24,50.3529803263594,1.00469584190151,27485.01,30400,79.95,0.213143428285857,436501,2837266.1546
2019,"DE23","Oberpfalz",6.16094683066882,48721.11,NA,101.1,NA,1187.49,115.2,NA,2738,1000.49,NA,6.2,24.9,50.1718302033917,1.01653083824306,24157.1,30300,79.15,0.2448112028007,413084,2544988.5606
2019,"DE24","Oberfranken",5.92691207340882,42042.41,NA,103.5,NA,632.02,147.8,NA,2322,964.52,NA,6.4,27.3,51.3981501545592,1.04386416840659,22951.93,28500,79.8,0.244938765308673,409760,2428611.4912
2019,"DE25","Mittelfranken",5.5332235332913,83020.15,NA,103.9,NA,768.89,245.7,NA,6543,1324.78,NA,7.7,26.9,50.1650863971545,1.04604252270593,39793.05,31900,77.55,0.28725,655021,3624377.612
2019,"DE26","Unterfranken",5.79090004083438,55248.64,NA,102.2,NA,212.15,155.1,NA,3224,883.29,NA,10.4,29.5,51.0072657154015,1.03017702290971,28955.44,30100,78.8,0.269134567283642,528966,3063189.231
2019,"DE27","Schwaben",5.90594641527051,77913.81,NA,102,NA,1994.42,191.5,NA,4785,947.73,NA,8.9,23.4,50.3223581403346,1.02120840819815,42885.69,31400,79.85,0.2595,657581,3883638.1497
2019,"DE30","Berlin",4.27370510878236,157086.01,NA,104.7,736,1.02,4322.9,NA,15955,5004.74,NA,7.4,32.4,48.7530684370762,1.05070031970385,71150.95,26400,74.9,0.407546226886557,1261142,5389749.0083
2019,"DE40","Brandenburg",5.08053790039242,76060.67,NA,102.9,95,NA,86.7,NA,9391,1848.6,NA,12.9,31.5,53.6263431485209,1.04269818026878,49477.17,24000,78,0.272931767058235,1007855,5120445.5256
2019,"DE50","Bremen",4.45328919088719,33184.51,NA,96.9,361,27.12,1744.5,NA,3434,3917.94,NA,15.5,48.4,49.7962401656604,1.03758991909949,13544.77,26200,71.75,0.26493376655836,261039,1162482.1571
2019,"DE60","Hamburg",4.25125531663381,124832.01,NA,100.4,420,7.51,2597.5,NA,5697,4290.56,NA,7.9,29.9,48.2742620461315,1.06179014303299,42453.09,34200,76.95,0.348837209302326,697904,2966968.0905
2019,"DE71","Darmstadt",4.80229405966831,212251.01,NA,100.1,NA,196.93,542.2,NA,7902,1821.36,NA,11.5,38.3,49.9867719989606,1.0461555276717,91784.46,33700,76.3,0.3235,1411369,6777808.9647
2019,"DE72","Gießen",4.91599395811195,37393.66,NA,104.7,NA,253.55,194.9,NA,11446,1273.51,NA,12.2,32.1,50.2049460273022,1.04052083284953,21472.97,27200,73.7,0.266316579144786,382066,1878234.1476
2019,"DE73","Kassel",4.89030225856124,46126.39,NA,102.9,NA,542.5,147.5,NA,2409,1478.17,NA,16.6,40.6,51.5651489481307,1.03279768281554,25023.29,26300,76.85,0.239440139965009,461090,2254869.4684
2019,"DE80","Mecklenburg-Vorpommern",5.06145898523203,47611.41,NA,105.1,73,1486.96,71.3,NA,7320,1630.94,NA,15.1,39.3,53.3145033483124,1.04204739529277,30264.71,21600,74.9,0.246376811594203,650868,3294341.6868
2019,"DE91","Braunschweig",4.78258885259152,81784.34,NA,117.8,NA,183.13,197.3,NA,12931,1776.42,NA,13.6,41,51.3407055906574,1.03406333767734,33212.33,28000,74.35,0.271067766941735,653246,3124207.0376
2019,"DE92","Hannover",4.72988698940562,85698.76,NA,102.7,NA,612.2,239,NA,2894,2204.8,NA,12.1,36.1,51.2499930541587,1.05658106902017,43968.69,27500,75.2,0.264066016504126,901327,4263174.8505
2019,"DE93","Lüneburg",4.86850225685158,50291.11,NA,101.2,NA,2838.67,111.4,NA,3219,1751.29,NA,11.3,32.7,51.916607309767,1.0445524037576,36559.28,28500,77.65,0.223194201449638,759022,3695300.32
2019,"DE94","Weser-Ems",4.84811236700898,93155.5,NA,101.2,NA,3608.83,169.8,NA,7328,1647.67,NA,9.8,35.1,50.3901225296386,1.02868960772959,51400.34,27000,76.35,0.2115,1059658,5137341.0546
2019,"DEA1","Düsseldorf",4.82418389255446,221071.15,NA,100.5,NA,1061.79,1006.7,NA,14260,2548.52,NA,13.3,40.8,51.0000992214911,1.0713496527339,107995.6,28500,72.5,0.247561890472618,1971194,9509402.3439
2019,"DEA2","Köln",4.7386827133832,195011.51,NA,99.1,NA,656.69,613.4,NA,8584,2601.24,NA,12,34.1,49.9434003586351,1.058509917418,94356.4,29800,73.55,0.287428142964259,1842003,8728667.7741
2019,"DEA3","Münster",4.85499021566414,91275.86,NA,102.2,NA,906.14,380.1,NA,8018,2028.68,NA,11.4,35,50.5077037332522,1.05176081438372,53563.27,27100,74.75,0.237690577355661,1125871,5466092.6891
2019,"DEA4","Detmold",4.84383160948941,81205.3,NA,101,NA,478.9,316.3,NA,7759,1598.09,NA,12.4,36.5,50.6796450424642,1.04588861209277,43890.2,28300,75.95,0.222555638909727,842497,4080913.5995
2019,"DEA5","Arnsberg",4.86410274311335,128914.04,NA,100.7,NA,533.82,449.1,NA,16450,2299.9,NA,11.3,38.2,51.0397001014847,1.05261111449583,72662.83,26700,72.75,0.214803700925231,1402895,6823825.4178
2019,"DEB1","Koblenz",5.11595285119497,51814.92,NA,102,NA,270.89,186.7,NA,1928,1387.21,NA,11.4,35.9,51.7924472967599,1.04113969864614,31570.35,27800,77.5,0.245188702824294,642485,3286922.9676
2019,"DEB2","Trier",4.98492585474513,16691.83,NA,102.4,NA,474.98,108.5,NA,7291,1379.84,NA,6.3,22.5,50.6446997508483,1.02406198650967,11058.82,28400,79.6,0.272431892026993,231648,1154748.1044
2019,"DEB3","Rheinhessen-Pfalz",5.07595393506962,78547.73,NA,98.3,NA,90.92,303.2,NA,3067,1752.12,NA,9.9,35.2,50.8129026417302,1.04652436076956,44159.24,29900,74.85,0.27875,851281,4321063.1418
2019,"DEC0","Saarland",4.99370024137429,35860.92,NA,96.6,134,95.31,385.5,NA,4971,2365.96,NA,9.9,27.8,52.1804780277478,1.05621566092898,19353.75,25000,73.55,0.234,439152,2192993.4484
2019,"DED2","Dresden",5.7854335404189,52167.21,NA,102.1,NA,804.71,205.6,NA,9020,1988.8,NA,6.7,22.8,53.2845104181056,1.03554302476688,30724.19,22300,79.4,0.29675,698584,4041611.3044
2019,"DED4","Chemnitz",5.75820267220795,42316.09,NA,103.1,NA,599.74,219.9,NA,3056,1435.23,NA,7.8,24.9,54.9558340466554,1.05141023940747,27495.15,20800,78.85,0.2415,608523,3503998.7647
2019,"DED5","Leipzig",5.15069574989083,35923.62,NA,104,NA,276.14,268.4,NA,1573,3438.16,NA,7.1,31.4,51.0591369673549,1.05055472361938,19848.79,23400,77.35,0.3205,414507,2134999.4432
2019,"DEE0","Sachsen-Anhalt",5.2440080943674,64743.64,NA,103.7,119,NA,108.7,NA,10341,2368.3,NA,9.5,29.3,53.9130031590099,1.0484961311709,40798.29,20800,75.7,0.217891054472764,824734,4324911.7717
2019,"DEF0","Schleswig-Holstein",4.65374990867546,99650.81,NA,102.4,83,3044.86,188.2,NA,8906,2170,NA,7.4,27.5,51.7400228562756,1.05945600233744,63162.57,28500,77.35,0.230192451887028,1205043,5607968.7512
2019,"DEG0","Thüringen",5.41893000574488,63841.81,NA,102.5,101,939.87,132.4,NA,10315,1426.82,NA,16.4,37.2,53.5268033697362,1.03409509087513,40198.92,21800,77.55,0.268182954261435,892969,4838936.5083
2019,"DK01","Hovedstaden",4.75054782961658,126164.55,297.59,105.3,NA,79,756,14.1,-3564,6518.45,96.37,2,18.9,47.2597617048608,1.06017765106438,31990.05,37000,76.85,0.483,780968,3710025.8374
2019,"DK02","Sjælland",5.28170564078959,31036.51,275.73,103.1,NA,152,118.3,9.3,3045,3960.5,94.3,2.2,22,51.6084372957416,1.02208941743188,13646.28,30300,73.65,0.2768192048012,360641,1904799.604
2019,"DK03","Syddanmark",5.40877234606448,58118.97,252.61,100.4,NA,2190,102,12.3,-840,3920.38,95.4,2.3,21.3,50.4566763532734,1.01043397191185,19343.56,29000,73.85,0.302924268932767,523336,2830605.2845
2019,"DK04","Midtjylland",5.28857288647703,64902.28,216.92,106.6,NA,1853,103.7,12.1,-368,3580.29,95.55,1.9,17.6,48.7493214318765,1.00848298803529,21225.69,30700,75.2,0.358231326505121,587467,3106862.0479
2019,"DK05","Nordjylland",5.46596614396553,26179.69,225.31,100.5,NA,1342,76.4,13.3,88,3137.75,94.25,1.1,18.8,50.1392170250313,0.987395203580614,9348.32,28700,72.75,0.292426893276681,250685,1370235.7228
NA,"EA20",NA,NA,NA,NA,NA,NA,NA,NA,NA,NA,NA,NA,NA,NA,NA,NA,NA,NA,67.9,0.30525,NA,NA
2019,"EE00","Eesti",5.83843036538139,27951.02,NA,111.9,27,820.8,30.5,NA,6550,1037.81,88.43,NA,NA,49.8079957617062,1.16245890741717,16834.04,12000,74.8,0.370157460634841,286112,1670444.9887
2019,"EL30","Aττική",4.73204086812431,87940.81,501.05,93.5,53,8.19,987.5,13.7,-7871,2242.54,NA,9.6,40.3,50.585131826261,1.14358636747931,51226.74,13400,57.85,0.37525,1182227,5594346.4794
2019,"EL41","Βόρειο Αιγαίο",4.59080419138704,2528.4,276.96,94.8,0,2.98,59.3,20.7,5276,290.82,NA,9.4,40.1,49.7798607694439,0.92483699260888,2405.71,9300,60.05,0.258814703675919,72983,335050.6623
2019,"EL42","Νότιο Αιγαίο",4.91106897217929,6355.74,228.77,87.5,0,22.15,66.1,16.9,2215,875.8,NA,9.4,41.9,49.0962065572937,1.02011690245172,5223.67,14300,60.5,0.208447888027993,116460,571943.0925
2019,"EL43","Κρήτη",4.47617079231769,9251.09,381.3,93.1,0,1.07,76.5,15.2,1825,518.79,NA,11.2,50,49.6694893020487,1.07300858017225,7337.7,10600,61.8,0.244438890277431,220038,984927.6688
2019,"EL51","Aνατολική Μακεδονία, Θράκη",5.04845115634162,6941.79,406.06,98.1,29,104.32,42.8,24.3,2823,422.85,NA,17,51,51.2166343129127,1.03303784966248,6363.61,9000,56.45,0.22325,188958,953945.2336
2019,"EL52","Κεντρική Μακεδονία",4.98459863298387,25044.75,440.38,95.3,29,312.53,101.2,20.6,3919,1526.82,NA,13.3,46.5,51.284042244707,1.1018719118206,21504.68,10000,53.85,0.29282320580145,615428,3067661.5675
2019,"EL53","Δυτική Μακεδονία",4.85746889555921,3907.71,426.2,83.4,9,31.93,28.8,21.6,-437,185.76,NA,8.5,44.4,52.6051958655589,1.05069043873449,3236.64,10400,50.55,0.252376188094047,121600,590668.2177
2019,"EL54","Ήπειρος",4.64854141846306,3958.59,462.1,97.5,0,19.56,36.8,17.4,891,267.62,NA,11.3,48.3,53.3444793560761,1.06075338598382,3832.52,9700,55.05,0.296675831042239,151925,706229.655
2019,"EL61","Θεσσαλία",4.7684127031983,9340.78,546.54,97.2,19,107.54,51.4,19,504,255.49,NA,8.4,56.1,52.3966822627243,1.06998081719445,7804.42,9200,54.8,0.2995,298846,1425021.0627
2019,"EL62","Ιόνια Νησιά",4.48694385157449,3236.15,297.28,91.5,0,0.79,89.4,13.9,595,560.17,NA,14.4,37.1,52.2173091211698,1.06279044104123,3112.25,13700,59.95,0.233058264566142,76914,345108.7994
2019,"EL63","Δυτική Ελλάδα",4.53934372213282,8047.95,298.41,95.8,19,17.56,59.2,23.8,-1034,1056.34,NA,18,62,51.0405318816949,1.04504739247007,6720.76,8700,49.5,0.19004751187797,276535,1255287.4162
2019,"EL64","Στερεά Ελλάδα",4.70801345159109,8567.96,155.04,102.9,20,24.01,36.1,20.3,2754,544.1,NA,12,51.3,51.936929341878,1.00670177742793,5811.71,9100,55.3,0.219804951237809,218844,1030320.4958
2019,"EL65","Πελοπόννησος",4.99132342514659,8225.72,217.69,98.7,16,6.76,37.1,19.7,2226,720.87,NA,13.1,49.2,52.9148238566712,1.01659710845606,6397.05,9700,62.15,0.227056764191048,246769,1231703.8903
2019,"ES11","Galicia",4.89202079590033,64219.58,329.67,102.5,41,2899.76,92,20,14477,728.54,79.7,2.1,24.7,53.0392775815431,1.09872208500869,41234.02,15000,63.8,0.36525,1274054,6232698.6631
2019,"ES12","Principado de Asturias",4.67304537700346,23711.32,345.79,100.1,63,581.57,96.6,20.7,3614,659.93,85.11,3.3,25.9,53.7204829796378,1.11768036176266,17000.11,15100,59.4,0.41675,418776,1956959.2508
2019,"ES13","Cantabria",5.20990802993552,14180.48,328.34,101.2,59,457.04,110.5,17.3,2941,956.26,85.55,6,25.8,51.8899385865496,1.07949256804472,9438.23,16000,64.2,0.403,251073,1308067.2388
2019,"ES21","País Vasco",3.57373738970912,74074.58,325.71,101.6,76,186.35,303.7,10,16713,1367.21,88.12,4.5,18.4,52.0669780783834,1.08117639842983,45873.54,21600,67.35,0.48637840539865,669933,2394164.6107
2019,"ES22","Comunidad Foral de Navarra",4.43894080351702,20873.24,335.41,100.3,21,249.42,63.1,7.7,6851,1024.4,91.43,4.2,20.9,50.4570815248604,1.03602674497957,12296.2,20200,68,0.448887778055486,267499,1187412.226
2019,"ES23","La Rioja",5.26679898449221,8821.87,323.43,99.7,22,24.24,62.6,12.3,1742,760.28,85.14,3,22.5,51.3027977734275,1.0444160746873,5230.87,17500,68.7,0.36725,132643,698604.0177
2019,"ES24","Aragón",5.02521531267987,38049.47,362.29,98.6,28,160.4,27.9,17.9,8737,789.04,88.57,3.3,26.9,51.4841359463791,1.04102571728091,22908.79,18100,68.65,0.376061969015492,505581,2540653.383
2019,"ES30","Comunidad de Madrid",5.08637445805994,242093.62,273.1,103.8,87,64.26,839.7,15,104311,1458.54,91.66,4.3,30.6,49.3068242849343,1.11962576494587,136460.62,23800,69.1,0.46686671667917,2497970,12705610.805
2019,"ES41","Castilla y León",5.38815497042934,59798.17,349.97,100.6,27,936.4,25.6,12.9,4246,756.21,84.75,2.4,24.1,53.4402216285685,1.0419888318283,39084.29,15800,65.35,0.37,1090439,5875454.3178
2019,"ES42","Castilla-La Mancha",5.28147781714923,42399.21,233.41,100.6,26,269.12,25.8,26.2,3023,1053.03,83.16,3.8,35.6,50.0455269141016,1.00729237034548,27829.19,13900,60.6,0.2875,900822,4757671.4102
2019,"ES43","Extremadura",5.06049192564652,20478.51,335.24,98.8,18,28.32,26,31.5,-745,674.28,84.77,3.7,39.4,50.831974005093,1.03010617395387,13497.34,12100,55.55,0.259064766191548,508759,2574570.8116
2019,"ES51","Cataluña",3.6714491430807,238308.41,384,99.9,58,752.85,238.1,13.9,103782,2314.62,91.05,3.9,32.9,49.8252451507785,1.05864529374751,139513.94,20200,68.65,0.40375,2016701,7404215.1583
2019,"ES52","Comunidad Valenciana",5.10459924789469,115606.05,231.9,99.9,41,85.3,216.2,23.7,50334,1441.75,87.47,3.4,32.4,50.1554691235157,1.04782535070275,72725.17,15000,63.25,0.353088272068017,1689657,8625021.8514
2019,"ES53","Illes Balears",4.98557001419031,33935.25,287.46,99.8,24,69.95,241.2,12,23863,1832.33,90.16,2.9,30.9,47.8785602540158,1.01527161321531,19670.86,18700,67.55,0.304673831542114,307252,1531826.358
2019,"ES61","Andalucía",4.90611126835703,164929.57,217.98,99,28,574.92,97.4,31.3,43126,1129.97,86.45,6.8,42.5,48.9628336371614,1.04697426725348,108775.41,12900,54.8,0.296574143535884,3132178,15366813.7803
2019,"ES62","Región de Murcia",5.63249468581231,32319.28,325.41,98.2,24,68.44,132.4,27.7,10470,1423.18,88.08,5.1,43,48.153249389778,1.0122109258875,20101.45,14100,60.7,0.298925268682829,526421,2965063.485
2019,"ES63","Ciudad Autónoma de Ceuta",6.10670401869159,1775.18,211.94,102.9,0,0,4222.9,40.6,-149,1217.75,87.49,13.2,54.9,45.8908921210236,0.975629244906113,1210.2,14300,49.6,0.2115,27820,169888.5058
2019,"ES64","Ciudad Autónoma de Melilla",6.16939113953274,1625.23,190.35,100.9,0,0,6041.5,35.7,-83,1707.43,85.31,12.3,48.5,45.0296131189301,0.971313790722491,1084.87,13200,49.8,0.28575,21658,133616.6733
2019,"ES70","Canarias",4.58351675714868,47182.6,290.96,98.3,0,52.04,299.4,28.5,41278,1118.57,86.84,12.3,49.8,48.2700730494767,1.03144211853378,29512.6,14100,57.15,0.31525,554438,2541275.8638
2019,"FI19","Länsi-Suomi",5.27549181144897,52650.96,349.04,102.2,27,683.84,23.7,NA,2881,2736.51,91.73,NA,NA,50.9334995164467,1.02874152665108,22603.86,22900,72.8,0.402,373204,1968834.646
2019,"FI1B","Helsinki-Uusimaa",5.10363667052258,95458.36,264.94,101.3,47,66.34,184.7,6.2,13071,3962.6,96.16,1.7,23.5,47.8732195804196,1.07459007260775,32676.59,30800,75.35,0.496,530786,2708938.8938
2019,"FI1C","Etelä-Suomi",5.27276612777549,44248.2,348.55,104.4,31,286.61,36.6,12.6,1816,2887.79,93.38,3.3,24.7,51.9580334896634,1.05365978354116,19626.36,23400,72.35,0.392446223111556,325978,1718805.7568
2019,"FI1D","Pohjois- ja Itä-Suomi",5.2527432737496,46044.68,424.99,104.4,14,1320.42,6.3,14.7,-447,2626.73,91.53,2.1,22.8,51.6538840267349,1.01162598189783,20897.87,21900,69.95,0.371092773193298,335774,1763734.62
2019,"FI20","Åland",3.86537599792639,1360.73,36.87,93.7,NA,17.17,19.2,NA,285,2047.73,NA,NA,NA,51.2728833431036,1.01859521595808,565.94,28800,81.6,0.364019085040696,1929,7456.3103
2019,"FR10","Ile-de-France",5.65023972542493,759581.81,530.11,104.2,153,42.43,1026.8,NA,-43771,5067.61,89.38,NA,NA,47.1397814315992,1.10691276750042,262757.68,33200,68.35,0.482879280179955,2244195,12680239.7406
2019,"FRB0","Centre - Val de Loire",6.53891773587644,75797.28,595.88,102.9,51,437.62,65.4,NA,-779,2282.81,85.34,NA,NA,51.8099018490012,1.09134123145874,46751.8,21300,66.75,0.298324581145286,578714,3784163.2386
2019,"FRC1","Bourgogne",6.59302795451436,47846.13,689.87,103.2,52,344.22,51.3,NA,-90,2338.44,86.28,NA,NA,52.6232431943426,1.09467128738947,28804.11,20500,67.75,0.304173956510872,372777,2457729.1818
2019,"FRC2","Franche-Comté",6.44363871555182,31823.95,564.42,102.5,55,1298.35,72.6,NA,-1145,2011.1,82.55,NA,NA,50.9737186789692,1.06507438856878,21243.3,21200,66.25,0.278819704926232,267975,1726734.0848
2019,"FRD1","Basse-Normandie",6.43325049104433,40951.65,604.83,98.8,37,3151.31,82.6,NA,1,1743.25,82.25,NA,NA,52.2319900902278,1.09609847664687,25941.64,20100,66.25,0.26525,354245,2278946.8202
2019,"FRD2","Haute-Normandie",6.66304453520809,55677.32,557.75,97.8,60,863.2,151.2,NA,-3457,2619.64,84.18,NA,NA,50.2172863703165,1.10582139038841,33045.77,21300,63.1,0.27125,434829,2897284.9922
2019,"FRE1","Nord-Pas de Calais",6.80835177904346,118672.52,587.73,102.6,107,1497.88,327.4,NA,-12724,3192.45,81.93,NA,NA,48.8264335772232,1.10515920347721,64598.32,19400,58.35,0.309327331832958,961275,6544698.3564
2019,"FRE2","Picardie",7.0567964568899,51148.24,573.75,101.3,74,947.28,99.4,NA,-3381,2633.02,84.66,NA,NA,49.8793643422609,1.08071249846408,34122.78,20800,62.45,0.264683829042739,457677,3229733.432
2019,"FRF1","Alsace",6.39715649588134,63449.24,585.66,103.7,89,342.16,230.6,NA,1223,1985.94,83.4,NA,NA,49.7153666365833,1.07707963398607,34076.78,23500,68.85,0.340664833791552,413970,2648230.8746
2019,"FRF2","Champagne-Ardenne",7.08077163766896,39531.21,563.83,103.3,57,649.18,51.5,NA,-3649,2673.45,83.17,NA,NA,50.7777447680361,1.0855413279649,22684.01,20400,61.65,0.259,294736,2086958.3094
2019,"FRF3","Lorraine",6.72022300473943,60895.17,612.88,102.3,67,1339.42,98.6,NA,-2465,2114.45,86.26,NA,NA,50.5715372948144,1.07460530123821,40360.44,20900,64.55,0.31625,515885,3466862.2448
2019,"FRG0","Pays de la Loire",6.00069545764145,121828.95,498.71,102,43,3893.02,118.3,NA,12797,3012.67,89.09,NA,NA,50.6789520282125,1.08301228608884,66678.21,21200,67.5,0.332083020755189,870627,5224367.4842
2019,"FRH0","Bretagne",5.87026073196353,101999,588.23,103.7,41,5625.39,122.4,NA,13608,2018.14,90.57,NA,NA,51.5778590954509,1.0871911788894,59146.13,20800,67.25,0.352176088044022,832965,4889721.7306
2019,"FRI1","Aquitaine",6.12488793577921,109435.62,604.87,102,34,418.27,83.9,NA,23546,3266.57,87.73,NA,NA,51.6087434618922,1.1141884122473,61804.67,21600,67.2,0.336668334167083,832503,5098987.5812
2019,"FRI2","Limousin",6.17590163833986,19652.81,791.29,102.8,47,130.71,42.9,NA,1799,1770.85,86.06,NA,NA,53.6639392648593,1.10847642216628,13027.71,19700,66.9,0.315342328835582,169745,1048328.4236
2019,"FRI3","Poitou-Charentes",6.27442350287445,52775.26,535.69,102.9,44,550.21,70,NA,6003,2477.43,89.44,NA,NA,52.9483992793955,1.10052914610232,32784.12,20000,68,0.289,441997,2773276.365
2019,"FRJ1","Languedoc-Roussillon",6.62920794303086,76643.58,649.87,101.7,42,68.06,104.4,NA,17500,3910.02,82.52,NA,NA,51.8536205468684,1.12190833616591,47335.82,18800,59.9,0.325,706909,4686246.7578
2019,"FRJ2","Midi-Pyrénées",6.06145853626506,101647.17,608.09,102.9,30,661.01,67.8,NA,15393,3153.2,86.21,NA,NA,51.0429387890401,1.08024388285848,54655.6,21900,68.1,0.422144463884029,746228,4523230.0806
2019,"FRK1","Auvergne",6.28821591877298,39936.44,717.59,106.4,39,1173.71,52.6,NA,4056,2230.25,81.2,NA,NA,52.4755595001253,1.0875361672874,25232.04,20800,67.35,0.2975743935984,301870,1898223.7394
2019,"FRK2","Rhône-Alpes",6.08275458562887,242311.15,564.14,103.7,58,1560.29,150.9,NA,13486,3638.7,88.79,NA,NA,49.5796262542113,1.08607571866524,123046.21,24200,69.2,0.39625,1412707,8593149.9824
2019,"FRL0","Provence-Alpes-Côte d’Azur",6.75480778749996,170235.75,685.85,101.6,42,24.87,162.4,NA,10699,4251.42,88.53,NA,NA,51.779981000291,1.13035376365175,93340.21,22700,63.5,0.362840710177544,1170748,7908177.7076
2019,"FRM0","Corse",6.37628038202439,9631.4,599.88,100.6,27,0,39.6,NA,3956,1644.68,81.05,NA,NA,51.9926542940661,1.08566187802109,5777.37,21300,67.9,0.25343664083979,58635,373873.2002
2019,"FRY1","Guadeloupe",5.94107835990888,9854,579.51,108.2,0,0,247,NA,-4857,2801.8,74.94,NA,NA,50.7825694554666,1.24646587524644,5827.87,16500,50.3,0.22325,25023,148663.6038
2019,"FRY2","Martinique",5.45293217157012,8872.7,518.1,104.7,0,0.23,328.6,NA,-3807,2749.62,82.27,NA,NA,52.0818501187029,1.23813874918417,5491.49,18700,57.75,0.236,23011,125477.4222
2019,"FRY3","Guyane",5.79721513083049,4430.51,352.5,84.4,0,0.06,3.4,NA,-965,3670.59,78.98,NA,NA,41.3305268485131,1.08810779003999,2760.77,11400,43.85,0.19825,8790,50957.521
2019,"FRY4","La Réunion",6.01893715253258,19366.54,399.24,115.9,0,18.49,345.7,NA,-4849,1619.99,71.4,NA,NA,46.7313998788261,1.14329717469215,12868.28,16700,46.75,0.20875,124616,750055.8722
2019,"FRY5","Mayotte",7.67086399722896,2678.67,136.18,96,0,2.4,750.8,NA,-57,1939.19,NA,NA,NA,37.837895907206,1.18481436496734,1719.28,7600,35.9,NA,14435,110728.9218
NA,"HR02",NA,NA,9899.77,522.61,103.4,51,NA,NA,NA,NA,NA,NA,5.5,48.3,50.8996266705305,1.10041751469385,10421,6100,55.15,0.141035258814704,NA,NA
2019,"HR03","Jadranska Hrvatska",5.66249467199505,17825.43,545.58,102.4,32,36,56,16.1,6601,841,81.99,6.6,45.6,51.1579808595505,1.09161610946173,14516.65,7900,60.35,0.255,174662,989022.6444
2019,"HR04","Kontinentalna Hrvatska",5.616441304204,NA,NA,NA,58,563,85.8,19.4,-10378,683.27,74.7,NA,NA,49.8378964415974,1.10791945825843,NA,NA,NA,NA,347645,1952527.7372
NA,"HR05",NA,NA,19252.26,816.82,103.2,150,NA,NA,NA,NA,NA,NA,2.3,47.8,49.5886675406299,1.19829571308412,10128.73,11600,70.05,0.398650337415646,NA,NA
NA,"HR06",NA,NA,8794.86,498.36,112.7,71,NA,NA,NA,NA,NA,NA,7.4,44.3,50.0695182359894,1.1015727286987,8153.03,7800,65.9,0.169415292353823,NA,NA
NA,"HU10",NA,NA,NA,NA,NA,NA,151.42,NA,NA,NA,NA,NA,NA,NA,NA,NA,NA,NA,NA,NA,NA,NA
2019,"HU11","Budapest",6.02599226088838,54785.49,1004.37,109.8,390,1.79,3433.8,10.4,12642,1104.21,86.17,7.5,29.2,49.1373171268705,1.18308781097114,31054.31,13600,74.25,0.446361590397599,559289,3370271.1856
2019,"HU12","Pest",6.16993756078031,15287.32,260.72,106.4,76,149.64,205.1,13.3,13565,531.56,83.21,7.9,38,48.5007629297682,1.08777248773844,14768.78,9300,72,0.257,379646,2342392.1152
2019,"HU21","Közép-Dunántúl",6.18992877604247,14654.59,678.62,106.3,104,298.59,99.1,6.5,3957,417.2,85.05,11.5,26.9,49.345110145894,1.07494008618145,12558.34,9300,71.7,0.2005,324374,2007851.9568
2019,"HU22","Nyugat-Dunántúl",6.25850350014391,14424.99,707.9,102,81,293.45,88.6,12.7,6752,543.09,76.62,15.4,23.3,49.628213009354,1.08580502758413,11071.21,8600,73.75,0.207,319644,2000493.0928
2019,"HU23","Dél-Dunántúl",6.16171855509618,8934.33,723.31,109.4,79,249.23,63.7,14.7,1202,639.27,77.33,16.2,40.2,50.2280860896799,1.11767900421458,8692.49,7300,65.4,0.169792448112028,257595,1587227.8912
2019,"HU31","Észak-Magyarország",6.27780742018646,11177.39,741.49,107.2,73,138.91,84.4,14.3,-1692,760.33,75.18,20.1,40.7,49.3757677876938,1.11249893652002,10229.08,6800,66.05,0.158289572393098,308375,1935918.8632
2019,"HU32","Észak-Alföld",6.2923759089166,13919.89,645.21,108.6,82,456.78,83.1,15.8,-2780,546.11,76.14,13.3,44.4,48.5390491946448,1.08981779283422,13740.08,7100,66.4,0.177794448612153,378115,2379241.7168
2019,"HU33","Dél-Alföld",6.24822763669155,13370.53,675.23,105.6,70,374.39,68.1,11.1,2673,534.55,76.46,9.9,35.3,50.0012306995062,1.10916567265955,12807.14,7800,69.55,0.201399300349825,348211,2175701.5936
NA,"IE04",NA,NA,26759.53,NA,111.6,15,941.12,35,20.4,5780,1182.45,82.32,0.9,29.1,48.2626076167016,1.03646206808777,12707.19,20800,68.5,0.39525,NA,NA
NA,"IE05",NA,NA,127512.08,NA,110,24,5930.11,55.6,14.5,9163,1548.22,87.72,2,31.2,47.7387036035479,1.02549206638583,26174.21,24100,67.45,0.399150212446888,NA,NA
NA,"IE06",NA,NA,202085.77,NA,114.5,43,1351.98,169.8,10,17707,2940.08,90.71,1.7,27.8,45.6631742567307,1.05336461818263,39246.86,29100,71.3,0.480129967508123,NA,NA
NA,"IS00",NA,NA,NA,NA,NA,NA,NA,3.6,NA,5861,1744.86,98.4,NA,NA,46.1103629531484,0.952156153269918,NA,NA,84.05,0.417,NA,NA
2019,"ITC1","Piemonte",6.17273212714259,137773.32,346.77,102,75,864.37,172.3,13.4,10269,2031.62,76.53,6.4,36.4,53.2234243197764,1.07941830531622,87192.01,22900,66.05,0.18304576144036,1666790,10288648.1822
2019,"ITC2","Valle d'Aosta/Vallée d'Aoste",6.44168669729223,4860.99,359.01,100.4,25,85.33,38.6,6.1,204,817.33,75.81,6,32.6,52.5704133388849,1.06507337853946,2428.09,21900,68.4,0.17825,30911,199118.9775
2019,"ITC3","Liguria",6.02162115405029,50105.22,351.56,99.4,91,109.45,284.3,13.4,6095,2092,75.96,7.2,32.1,54.7024774854704,1.11387669171012,30424.95,21800,63.35,0.208343742193355,536961,3233375.7165
2019,"ITC4","Lombardia",6.31878135835162,397959.74,350.53,100.5,75,5007.89,435.8,11.9,42051,2504.13,78.8,4.1,24.8,51.8389781393719,1.0627263524691,216522.62,26400,68.3,0.201350675337669,3926568,24811124.6807
2019,"ITF1","Abruzzo",6.53358568291645,33169.52,293.07,100.5,49,87.01,120.5,19.5,2494,1376.01,70.68,7.7,41.3,52.2126189779912,1.06789247440669,20068.46,16500,58.3,0.194701324668833,399390,2609448.7859
2019,"ITF2","Molise",6.48690389490767,6576.39,300.18,102.2,60,49.73,68.2,26.5,339,1133.34,65.13,5.7,35.1,52.3150965342557,1.04503877121462,4236.18,14500,54.65,0.181545386346587,91196,591579.6876
2019,"ITF3","Campania",6.0344119595179,111173.73,252.21,99.3,80,308.36,422.2,41.2,-5977,2426.41,65.56,20.2,46.8,49.3454005114998,1.07478509070035,73133.09,13300,41.6,0.146463384153961,1262484,7618348.5483
2019,"ITF4","Puglia",6.43539491156421,77182.8,283.3,99.1,43,265,206.8,30.4,-2261,2212.7,64.05,12.4,40.7,51.0213899215839,1.07747314295979,54520.76,13900,46.5,0.143178410794603,988005,6358202.3496
2019,"ITF5","Basilicata",6.30071160090305,12886.86,288.35,100.3,35,85.12,55.7,27.1,-603,760.49,65.92,13.1,27.3,51.6063952523153,1.05091371433497,7597.58,14200,50.75,0.159,139084,876328.1723
2019,"ITF6","Calabria",6.35747503749832,33502.12,248.18,101.7,56,99.22,126.5,30.9,-990,1139.63,63.75,11.3,42.6,50.7573516607048,1.05802498474582,24292.74,12200,42.05,0.14875,470021,2988146.7746
2019,"ITG1","Sicilia",6.35511389271337,89523.88,281.95,100,53,253.63,192.1,41.4,-7300,1992.06,69.49,12.1,48.2,50.5666454692402,1.07937766644806,64613.91,12900,41.4,0.132716820794801,953651,6060560.7189
2019,"ITG2","Sardegna",5.91037291106953,35447.99,301.25,96.6,18,237.39,68.3,22.9,814,1068.14,70.27,7.8,51.8,52.2767422861092,1.05115322363097,23738.54,14700,53.8,0.165,323826,1913932.4183
2019,"ITH1","Provincia Autonoma di Bolzano/Bozen",6.59208980555514,25743.17,349.97,98.8,48,443.55,72.2,9.5,2101,1585.48,78.07,2.6,16.2,50.2200621722114,1.04206975197187,12772.38,29100,74.05,0.157960509872532,66497,438354.1958
2019,"ITH2","Provincia Autonoma di Trento",6.04083391235198,21463.65,347.06,101.5,NA,190.66,88.2,8,1990,1312.63,80.71,3.3,18.4,51.5460416615649,1.05876205971996,10757.82,23000,68.45,0.20125,184853,1116666.2712
2019,"ITH3","Veneto",6.63331924150762,166071.92,328.97,99.7,68,1099.51,282,8.7,16624,1794.32,75.8,4.4,25.9,52.0721398515205,1.06267361949853,94292.25,22700,67.5,0.184296074018505,2020429,13402150.5618
2019,"ITH4","Friuli-Venezia Giulia",6.38560079902898,39333.14,326.82,101.9,62,217.41,159.9,8.4,5201,1265.6,80.17,6.3,23.8,53.553265206775,1.07611272744808,24214.54,22400,66.55,0.197,456429,2914573.3871
2019,"ITH5","Emilia-Romagna",5.66930502278915,162762.66,371.56,99.9,60,2523.87,201.9,10.9,24302,2571.01,80.65,1.6,20.1,52.638948736336,1.07803872674996,95508.26,24900,70.45,0.2175,1699932,9637433.026
2019,"ITI1","Toscana",5.53175670336033,121886.82,285.45,102.2,65,88.95,162.7,14.3,15523,2497.45,79.23,4.4,20,53.2094525392685,1.09427027545204,70957.51,21600,67,0.198799699924981,1412687,7814640.782
2019,"ITI2","Umbria",6.17987303125111,23087.4,302.88,99.8,45,72.22,105.5,9.8,2124,1709.76,73.65,3.9,23.6,53.186844010012,1.09703158918234,15597.48,19100,64.7,0.2095,337524,2085855.465
2019,"ITI3","Marche",6.22114741179773,42924.5,301.75,98.8,41,48.42,161.9,13.6,2913,1230.27,75.69,7.3,33.9,52.8497478748788,1.07891928027373,27365.53,19800,65,0.20375,548682,3413431.6042
2019,"ITI4","Lazio",6.15812008331406,201976.72,338.37,99.5,72,357.33,343,17.2,18822,2965.3,75.81,8.4,31,51.4955922776341,1.0969119347817,107696.24,22000,61.3,0.247876061969015,1755766,10812217.8662
NA,"LI00",NA,NA,NA,NA,NA,57,NA,244.1,NA,165,747.83,NA,NA,NA,49.2840542080932,1.04295232550618,NA,NA,NA,NA,NA,NA
NA,"LT00",NA,NA,NA,NA,NA,NA,1547.4,NA,NA,NA,NA,NA,NA,NA,NA,NA,NA,NA,NA,NA,NA,NA
2019,"LT01","Sostinės regionas",5.77784833136967,20803.62,682.02,106.1,NA,48.8,86.6,15.9,9343,1023.26,81.55,6.4,28.4,48.4581712587582,1.24231321466258,15000.53,14100,79.3,0.52575,206247,1191663.8848
2019,"LT02","Vidurio ir vakarų Lietuvos regionas",5.17560471031418,28155.54,615.13,114.5,NA,1498.6,37.2,22.5,714,951.18,80.34,9.9,39.6,50.584291190037,1.21811187843834,27980.02,9900,70.35,0.35166208447888,635775,3290520.0847
2019,"LU00","Luxembourg",5.41329834520682,62431.53,NA,96.9,105,421.26,239.8,NA,10190,2267,92.59,NA,NA,46.8180426901316,0.99793738845985,16383.57,40800,67.85,0.440389902524369,1049678,5682220.1804
2019,"LV00","Latvija",6.22452335404435,30531.34,NA,110.1,29,978.9,30.2,NA,-3941,1069.98,83.72,NA,NA,50.3927225228827,1.22971519498124,21734.08,9800,72.3,0.33275,368403,2293133.0772
NA,"ME00",NA,NA,4950.72,NA,NA,NA,165.8,45.7,NA,NA,185.32,NA,NA,NA,47.29682617077,1.05208430082832,NA,NA,56,0.23805951487872,NA,NA
NA,"MK00",NA,NA,11262.04,NA,NA,27,NA,83.4,NA,NA,NA,80.45,NA,NA,46.2974182811786,1.01235095702708,NA,NA,54.55,0.1985,NA,NA
2019,"MT00","Malta",4.82869433962264,14273.97,NA,104.3,NA,41.27,1595.1,NA,12757,1876.77,85.1,NA,NA,47.5615932196819,0.961177873763941,NA,NA,71.2,0.28475,239878,1158297.5408
2019,"NL11","Groningen",4.71984399939135,24848.33,NA,90.4,72,961,247.9,18.7,1967,2222.48,89.52,NA,NA,48.364845904996,1.01250813299745,9877.99,24800,72.3,0.350574712643678,138011,651390.3902
2019,"NL12","Friesland (NL)",5.22993993048887,21205.64,NA,100,44,2739,191,13.6,1099,1523.61,94.3,NA,NA,50.8311912781422,1.00480561221336,11159.59,25200,78.35,0.3055972013993,161413,844180.294
2019,"NL13","Drenthe",5.16733026213489,15716.94,NA,99.5,38,971,184.5,12.6,1631,1735.58,96.13,NA,NA,52.1402176428564,1.02723156005222,8569.92,25900,77.45,0.312078019504876,122189,631390.9174
2019,"NL21","Overijssel",5.31417936556306,45727.61,NA,100.9,94,2334,344.9,13,3632,1801.49,94.71,NA,NA,49.5369541880323,1.0030365742378,19827.7,26300,78.9,0.319,262532,1395142.1372
2019,"NL22","Gelderland",5.1108989967235,82080.47,NA,100.5,108,2140,415.8,12.1,11508,1949.68,94.21,NA,NA,50.0284534283744,1.03372425776086,37062.3,27900,78,0.34925,531359,2715722.18
2019,"NL23","Flevoland",5.44268585730887,14535.98,NA,99.4,47,313,292.5,12.2,1589,2289.54,94.46,NA,NA,47.0871331870711,1.01625315404315,7378.82,28200,78.95,0.300174956260935,78309,426211.2868
2019,"NL31","Utrecht",4.92898382443877,76995.51,NA,101,142,865,934.6,12.4,8638,2367.25,97.76,NA,NA,47.957926868254,1.0582743796907,25817.33,33400,80.75,0.491877030742314,367097,1809415.175
2019,"NL32","Noord-Holland",4.93212376610261,179531.33,NA,105,125,813,1041.2,13.2,24148,3288.09,97.42,NA,NA,48.4349198603282,1.04205606649533,55676.7,32500,78.8,0.451862965741435,713937,3521225.6452
2019,"NL33","Zuid-Holland",5.29417004190862,169015.98,NA,96.5,155,837,1292.2,15,27619,2503.98,94.42,NA,NA,48.5651237429762,1.04201267429912,66754.33,29300,76.85,0.380595148787197,836582,4429007.362
2019,"NL34","Zeeland",5.34533240996531,14237.66,NA,99.4,57,207,212.6,12.5,1515,1423.12,93.21,NA,NA,51.9876313206879,1.02970911323293,6747.84,26900,79.15,0.274431392151962,79275,423751.2268
2019,"NL41","Noord-Brabant",5.26956645700664,121243.84,NA,101.5,73,1940,514.8,11.4,16678,2275.77,95.96,NA,NA,49.8441346687148,1.00601349881944,46745.62,29400,80.1,0.355588897224306,561703,2959931.2876
2019,"NL42","Limburg (NL)",5.0217218235854,46139.21,NA,101.1,112,436,517.7,12.4,5362,2603.08,96.18,NA,NA,51.6238828603481,1.02360795516025,19406.76,26000,75.75,0.313828457114279,257405,1292616.306
NA,"NO01",NA,NA,NA,NA,NA,74,NA,259.8,13,10302,1160.35,98.5,NA,NA,46.0923999226079,1.01213507237417,NA,NA,NA,NA,NA,NA
NA,"NO02",NA,NA,17246.77,457.22,NA,17,NA,7.7,17.1,1417,7214.88,98.55,1.6,22.9,50.7164455404741,1.00733861713767,7279.36,29900,72.3,0.30425,NA,NA
NA,"NO03",NA,NA,NA,NA,NA,29,NA,29.4,10.9,6118,1250.66,97.07,NA,NA,49.5994497189788,1.01047462845758,NA,NA,NA,NA,NA,NA
NA,"NO04",NA,NA,NA,NA,NA,18,NA,32.2,14.6,2119,1804.71,100,NA,NA,47.3773577373041,0.984173716156672,NA,NA,NA,NA,NA,NA
NA,"NO05",NA,NA,NA,NA,NA,6,NA,19.1,12.2,2273,1331.29,96.89,NA,NA,48.3304341186335,0.974963974933256,NA,NA,NA,NA,NA,NA
NA,"NO06",NA,NA,25346.59,362.39,NA,17,NA,11.8,10.5,2441,1351.64,95.29,2.2,22.2,47.830757712621,0.976649043978081,9015.94,33500,74.25,0.412853213303326,NA,NA
NA,"NO07",NA,NA,25996.3,429.46,NA,4,NA,4.5,12,636,909.65,96.75,3.5,21.6,48.9749524193569,0.96804832431886,9447.33,30500,75.3,0.374906273431642,NA,NA
NA,"NO08",NA,NA,128626.49,NA,NA,46,NA,NA,NA,NA,NA,NA,2.6,24.2,47.1531871324269,1.00979550140431,39969.21,41400,76.35,0.461,NA,NA
NA,"NO09",NA,NA,33393.45,NA,NA,20,NA,NA,NA,NA,NA,NA,1.8,23.5,49.1498278163328,1.01057936460421,13726.59,31100,72.3,0.362409397650587,NA,NA
NA,"NO0A",NA,NA,80782.5,NA,NA,8,NA,NA,NA,NA,NA,NA,2.2,23.3,47.8172204023457,0.974621889452477,27549.35,36600,76.25,0.399099774943736,NA,NA
NA,"NO0B",NA,NA,178.32,NA,NA,NA,NA,NA,NA,NA,NA,NA,NA,NA,NA,NA,NA,NA,NA,NA,NA,NA
2019,"PL21","Małopolskie",7.34289544304345,43082.35,623.25,115.6,72,293,224,16,3736,372.41,NA,3.6,22,47.7355107731585,1.08788963639953,44033.63,8400,67.85,0.319829957489372,786424,5774629.2059
2019,"PL22","Śląskie",7.17763014178839,64357.59,629.62,117,158,278,368.8,10.7,-2661,530.78,NA,3.3,26.7,49.130487565233,1.09886687358557,67259.96,9100,66.25,0.293,784761,5632724.2077
2019,"PL41","Wielkopolskie",6.95703379162936,52705.98,427.37,114.8,64,2021,117.9,14.6,1175,399.59,NA,2.7,27.3,47.6157608548125,1.08281345547549,48772.61,9100,70.7,0.269067266816704,553936,3853751.4704
2019,"PL42","Zachodniopomorskie",6.94842584660977,19593.55,1182.45,110,54,167,76.6,12.7,-546,569.44,NA,1.9,31.8,48.6023837056865,1.08000883394881,22144.64,8100,66.25,0.278110944527736,250381,1739753.8119
2019,"PL43","Lubuskie",6.97849888860133,11400.89,477.67,111.4,67,87,72.6,11.6,-599,691.52,NA,6.5,29.1,48.1223324191749,1.07329118526299,11881.84,7400,67.6,0.242189452636841,139104,970737.1094
2019,"PL51","Dolnośląskie",7.00652581555073,43971.91,734.19,112.7,87,186,144.9,11,2592,889.72,NA,2.7,22.1,48.8640324851411,1.10626966449609,40792.85,9200,70.65,0.330167458135466,465483,3261418.6562
2019,"PL52","Opolskie",7.18583232014652,10795.94,491.24,114.2,84,286,101.4,14.6,-534,465.31,NA,4.4,29.3,48.9408701178192,1.08522910254312,11841.04,7400,68.85,0.247811952988247,129953,933820.4675
2019,"PL61","Kujawsko-pomorskie",7.12134973517444,22896.82,864.16,113.5,75,1086,116.8,19.7,-1550,445.85,NA,2.7,31.2,48.1628088414165,1.09163875441987,24806.51,7500,66.3,0.232691827043239,299820,2135123.0776
2019,"PL62","Warmińsko-mazurskie",7.03047690656076,13541.12,556.59,109,50,1062,61.1,19.9,-2369,449.78,NA,4.7,35.5,47.7135136268014,1.06867753695186,16409.46,7100,63.6,0.2275,198407,1394895.8316
2019,"PL63","Pomorskie",7.03488653662189,31544.32,520.12,116,67,383,130.6,12.8,3411,608.7,NA,4.1,22.3,47.7642835087143,1.08183518132621,30992.01,8600,71.2,0.323419145213697,336602,2367956.878
2019,"PL71","Łódzkie",7.23184277072295,32122.01,527.34,117,60,1128,135.2,14.3,-1363,520.27,NA,4.3,30.1,49.3957064011156,1.13137469963244,33353.54,8600,69.15,0.274431392151962,476742,3447723.1862
2019,"PL72","Świętokrzyskie",7.46129157861958,12270.33,762.95,113.3,62,224,105.1,18.1,-1964,283.95,NA,4.9,19.2,49.0606276775422,1.0709902563188,14222.77,7000,65.35,0.283,272960,2036634.1493
2019,"PL81","Lubelskie",7.48210791838389,20048.65,595.19,116.3,39,831,84,26.5,-4392,240.93,NA,6.6,25.5,48.4292406634532,1.08730540805342,24159.6,7000,64.65,0.2943971985993,458831,3433023.0583
2019,"PL82","Podkarpackie",7.50178875142531,20817.75,675.69,115.1,55,166,117.8,19.4,-1823,229.61,NA,7.1,22.2,47.5856125966864,1.06123402627463,22507.54,6600,63.7,0.27625,508660,3815859.8663
2019,"PL84","Podlaskie",7.39759194344603,11820.78,558.95,117.8,38,2906,57.5,18.8,-1576,349.2,NA,1.8,19.8,48.3953877509276,1.07366246146446,13117.38,7000,68.2,0.31132783195799,222018,1642398.5681
2019,"PL91","Warszawski stołeczny",6.67203728046799,93425.71,580.43,123.2,NA,166,510.2,11.5,16085,834.31,NA,2.4,15.4,48.9771470105769,1.17879138087604,63732.44,14400,77.45,0.528132033008252,622916,4156118.7746
2019,"PL92","Mazowiecki regionalny",7.44016629124517,28109.47,410.09,119.8,NA,3233,79.5,19.8,-4312,366.88,NA,2.9,18.2,47.8909276399914,1.058202869478,31027.37,8400,66.45,0.246561640410103,512757,3814997.347
2019,"PT11","Norte",4.61011103990887,63524.58,334.36,105.7,21,760.65,169.3,18.3,6961,1457.2,67.01,2.6,32,50.6824433096461,1.13580146160277,45571.57,11100,69.05,0.21925,1020099,4702769.6617
2019,"PT15","Algarve",4.08152694048736,10239.8,273.58,100.5,35,0.47,88.9,18.7,3163,2788.56,74.28,5.1,35,51.3845496069125,1.10180889127297,7746.09,14700,72.75,0.207051762940735,84167,343529.878
2019,"PT16","Centro (PT)",4.56598788433414,40027.7,NA,106.9,34,214.39,79.2,17.3,8404,1146.32,71.44,1.6,28.9,53.0949146154377,1.14006416227785,30318.29,11300,71.55,0.237,576419,2631922.1703
2019,"PT17","Área Metropolitana de Lisboa",4.07226055164447,77439.68,NA,98.1,98,80.8,1015.9,13.3,21050,1905.29,82.5,1.8,28.6,50.1385047441324,1.1775489457515,48140.57,15900,72.1,0.334582708645677,779125,3172800.0023
2019,"PT18","Alentejo",3.93097420987267,13373.23,NA,100.7,23,263.39,22.7,17.9,168,1187.28,67.3,2.4,31.8,53.4794342879166,1.09974279672497,9871.82,11900,69.65,0.192951762059485,172314,677361.89
2019,"PT20","Região Autónoma dos Açores",4.58936552640604,4487.27,611.15,107.5,NA,653.83,105.3,31.8,-161,1504.24,75.31,6.4,43.2,47.7051798628478,1.07168014820719,3439.16,12100,65.6,0.129217695576106,34992,160591.0785
2019,"PT30","Região Autónoma da Madeira",5.15340195500933,5126.38,767.81,104.2,NA,1.95,318,27.8,505,1091.97,74.49,5,48.7,49.9001493482327,1.17616618459111,3516.04,11300,67.85,0.19575,82506,425186.5817
2019,"RO11","Nord-Vest",5.45305463165548,27394.5,732.38,131,49,680.9,75,14.7,-6519,742.48,80.33,18.3,37.5,48.3413754388276,1.07042646176927,29734.52,6500,66.9,0.17575,894000,4875030.8407
2019,"RO12","Centru",5.53511029627848,25222.8,728.07,118.2,39,682.1,68.2,21.2,-7280,805.6,69.91,22.8,38.2,49.0766002341013,1.05960573365669,26540.8,6400,60.1,0.1705,735693,4072141.8992
2019,"RO21","Nord-Est",5.17683231078394,23631.89,664.57,103.9,44,878.4,87.5,41.1,-14317,953.98,68.96,19.2,52.8,48.8518048720055,1.02714000665923,28845.45,4300,72.85,0.108,1118153,5788490.5788
2019,"RO22","Sud-Est",5.2211008206137,22188.95,622.8,114.6,52,362.2,70.9,31.1,-14488,1239.43,65.79,23.2,61.6,50.0683944266294,1.05695488224748,24281.03,5400,60.2,0.13025,932351,4867898.5712
2019,"RO31","Sud - Muntenia",5.04869055628407,25528.39,516.39,98.8,37,418.3,86.1,26,-17698,880.66,68.54,22.9,55.2,50.3290268624706,1.05062892410655,28500.77,5000,64.6,0.120939530234883,1133198,5721166.041
2019,"RO32","Bucureşti - Ilfov",5.50150502125035,61660.45,1025.84,135.3,159,10.7,1321.9,2.9,3090,1558.63,74.92,13.7,37.3,47.7978230182879,1.17219081536935,49532.04,14500,72.55,0.385153711572107,1014807,5582965.8061
2019,"RO41","Sud-Vest Oltenia",4.82458155067556,17297.53,674.44,103.4,35,337.6,66.9,31.6,-12191,859.43,69.4,14.6,44.6,50.3061130188807,1.04802389029111,19086.44,5000,63.8,0.144536134033508,773134,3730048.0326
2019,"RO42","Vest",5.37746455239591,21097.13,750.7,133.7,59,293,55.7,14.7,-4143,1014.42,76.03,16.8,47.6,48.828142932304,1.07270816441266,22946.59,7400,60.45,0.153711572106973,686399,3691086.2913
NA,"RS11",NA,NA,19361.94,625.01,94.6,NA,104.91,536.4,NA,NA,824.51,85.04,NA,NA,49.2469608044857,1.15975599523923,NA,NA,65.05,0.358070964517741,NA,NA
NA,"RS12",NA,NA,11757.41,579.78,104,NA,441.82,87.4,NA,NA,729.81,76.02,NA,NA,49.5398475194813,1.07439981467106,NA,NA,60.6,0.189047261815454,NA,NA
NA,"RS21",NA,NA,8473.22,482.96,100.3,NA,725.84,72.4,NA,NA,416.25,73.85,NA,NA,50.4196439302029,1.04672870577513,NA,NA,59.8,0.165708572856786,NA,NA
NA,"RS22",NA,NA,6390.45,601.97,107.6,NA,281.28,57.2,NA,NA,606.44,70.55,NA,NA,50.4502752758167,1.03345200368231,NA,NA,56.75,0.17825,NA,NA
2019,"SE11","Stockholm",5.51821490697582,152085.63,204.09,103.9,64,21.78,361.8,13.1,16008,6204.58,95.39,1.6,17.3,47.2905210111781,1.01513560795261,48082.95,32900,79.5,0.49475,904496,4991203.3105
2019,"SE12","Östra Mellansverige",5.58894475448631,67417.49,210.4,99.5,47,416.52,44.7,16.5,12894,5177.94,96.38,1.9,21.7,49.5291533614427,1.00104296635655,28646.11,24200,75.2,0.39175,643569,3596871.5867
2019,"SE21","Småland med öarna",5.78134945687095,33883.5,219.3,101.8,34,787.09,26.2,15.6,5889,4053.99,95.49,0.9,18.6,50.6589675942058,0.985004054136527,14242.95,23800,78.75,0.347413146713322,329940,1907498.4398
2019,"SE22","Sydsverige",5.92082768962945,60916.3,201.65,102.6,64,355.25,110.1,22.9,11721,5741.1,94.23,1.8,18.9,49.356033611591,1.01538186822906,26016.89,24600,73,0.423605901475369,557772,3302471.9021
2019,"SE23","Västsverige",5.64763904404045,92036.49,195.36,100.6,50,691.61,70.1,17.6,13747,5297.95,96.02,1.2,17.4,49.2606160637246,1.00211554007835,36143.68,26600,79.15,0.397650587353162,784824,4432402.6651
2019,"SE31","Norra Mellansverige",5.57633506869537,31873.36,204.2,101.5,27,171.61,13.5,17.4,4150,4422.61,91.1,2.9,18,51.5914498879133,0.993564117335568,13962.41,22600,75.35,0.315671082229443,315669,1760276.1148
2019,"SE32","Mellersta Norrland",5.22025702897418,14869.4,227.69,100.2,22,110.54,5.3,23.6,1218,4271.93,96.31,1.7,19.3,51.5913475952218,0.986224510050417,6151.72,23100,76.2,0.348238820884337,140746,734730.2958
2019,"SE33","Övre Norrland",4.90478501116548,23688.47,240.2,103.6,13,149.98,3.4,15.1,1044,3537.11,98.36,0.6,14,50.2942903992746,0.96768347506837,8652.09,24000,75.8,0.372343085771443,199275,977401.0331
NA,"SI03",NA,NA,21110.48,375.86,106.5,55,410.86,89,14.1,6707,1408.39,77.45,5.5,29,50.6584279291765,0.999286851349352,15606.19,13700,70.25,0.272,NA,NA
NA,"SI04",NA,NA,27471.83,517.78,104.6,67,212.16,126.9,9.5,8973,2412.94,84.91,3,20.1,49.8596247583596,1.03736629631314,14620.69,15100,73.35,0.3635,NA,NA
2019,"SK01","Bratislavský kraj",6.14848366451666,26559.8,715.17,102.8,117,41.82,328.8,4.3,5549,771.23,80.46,5.1,35.9,48.30752790445,1.14136380651835,12122.5,18700,77.2,0.43260815203801,145891,897008.4303
2019,"SK02","Západné Slovensko",6.09978776034368,29245.01,471.62,105.4,81,453.38,123,7.4,830,343.57,84.03,10.1,23.5,48.336566128698,1.06498280981932,19743.53,9900,70,0.212946763309173,217645,1327588.3071
2019,"SK03","Stredné Slovensko",6.17027789609352,18798.56,583.78,103.9,66,235.03,82.7,15.6,-1200,383.28,79.91,17.2,25.1,47.5508768919933,1.06769139035859,14844.74,10000,68.05,0.221194701324669,177679,1096328.8063
2019,"SK04","Východné Slovensko",6.18433429298525,19826.37,630.22,103,72,174.02,103.9,17,-1743,372.63,81.92,15,28.6,46.5140912449076,1.0568659288011,15786.69,7900,63.25,0.224556139034759,173292,1071695.6583
2019,"ELZZ","Abroad votes",4.58231450543622,NA,NA,NA,NA,NA,NA,NA,NA,NA,NA,NA,NA,NA,NA,NA,NA,NA,NA,7542,34559.816
2019,"FRZZ","Abroad votes",5.51159061279056,NA,NA,NA,NA,NA,NA,NA,NA,NA,NA,NA,NA,NA,NA,NA,NA,NA,NA,212438,1170871.2866
2019,"HRZZ","Abroad votes",6.42032352941176,NA,NA,NA,NA,NA,NA,NA,NA,NA,NA,NA,NA,NA,NA,NA,NA,NA,NA,12189,78257.3235
