geo,purchasing_power_standard_per_inhabitant,real_labour_productivity_per_person_employed_2019_base_year,raw_milk_on_farms,pop_density_per_square_km,net_migration_per_capita,count_of_all_crime_per_100k,average_age_for_people_above_18,F:M_ratio,disposable_income_avg,gross_income_per_capita,employment_rate,proportion_with_higher_educ,fertility_rate,poverty_rate,life_expectancy,gender_employment_gap_proportion
AT11,27600.0,101.5,28.05,77.8,0.0031619417511520136,1315.8,51.76665030605167,1.0562594356540524,6390.49,27500.0,71.9,0.2993503248375812,1.39,0.146,81.9,0.102
AT12,33000.0,104.2,741.6,88.9,0.0009805303118086918,1778.0800000000002,50.5858412272613,1.0507012697547038,36941.78,29300.0,74.4,0.3125,1.5,0.125,81.7,0.08900000000000001
AT13,46200.0,99.9,0.0,4808.9,0.006671441392870902,4783.99,47.12989339263753,1.076611702683712,37613.67,26700.0,67.1,0.4065,1.35,0.275,81.1,0.08
AT21,33700.0,104.8,234.6,59.9,0.0014490752323964614,1717.66,51.42289388793663,1.0724173385050548,11549.33,26200.0,72.2,0.2985,1.4,0.174,82.2,0.10800000000000001
AT22,36000.0,103.3,577.48,76.6,0.0011472106643096406,1703.95,50.138547911587985,1.0418278657856952,26104.08,27400.0,74.7,0.2918540729635183,1.41,0.17600000000000002,82.2,0.092
AT31,40300.0,103.5,1191.36,126.8,0.0013606315129729848,1771.6,49.404391421340435,1.0307211301758699,31861.52,29200.0,77.1,0.3065,1.6,0.11599999999999999,82.3,0.08
AT32,47000.0,104.2,389.53,78.9,0.0019257396437073362,2666.86,49.2663882331578,1.0653520643082748,12045.52,29700.0,77.2,0.3151575787893947,1.58,0.14400000000000002,82.8,0.079
AT33,42100.0,101.1,430.74,60.4,0.0014262824444412905,2200.7400000000002,48.74624138978198,1.046640183627431,15835.85,29100.0,76.5,0.288855572213893,1.46,0.163,83.0,0.086
AT34,42000.0,100.6,188.0,156.3,0.002902499604318689,2213.31,48.72925762819485,1.030152774055213,8792.0,31900.0,77.1,0.273,1.68,0.21899999999999997,83.3,0.10300000000000001
BE10,63400.0,101.2,0.0,7526.7,0.005464543824555312,7674.9,45.533341736509165,1.0607694915403478,21299.83,24600.0,56.9,0.4395,1.7066,0.37799999999999995,81.6,0.114
BE21,43400.0,100.2,825.93,665.8,0.001540632836808397,3427.34,49.765002675173385,1.0306437748298214,36594.23,28300.0,69.3,0.37799999999999995,1.66272,0.162,83.0,0.102
BE22,29700.0,99.9,360.58,367.5,0.0009583029657830071,2162.39,50.49302148969232,1.0198306456634083,16667.57,26000.0,68.1,0.35150000000000003,1.49946,0.129,83.3,0.062
BE23,33500.0,98.9,743.66,512.3,0.0009372659638132691,2823.01,49.93563169087757,1.040696120488046,31176.12,30000.0,71.5,0.3925,1.5072,0.132,82.6,0.07
BE24,39900.0,100.8,145.73,544.7,0.0029688592885021656,2774.62,49.9745821253602,1.0611290154901758,25314.58,33800.0,70.1,0.4640000000000001,1.6009,0.106,83.4,0.052000000000000005
BE25,35700.0,101.1,897.27,380.8,0.000486022040391757,2602.44,51.709228499967935,1.0314637737503412,24247.39,27700.0,72.4,0.3585,1.58463,0.114,83.2,0.084
BE31,49600.0,119.6,48.74,369.7,0.006577287456402899,3208.5,49.59158367933069,1.0901355883542785,8423.87,31500.0,65.2,0.518,1.55482,0.16,83.0,0.063
BE32,22800.0,99.9,385.32,354.8,0.0004654718712797223,4361.39,49.38587213898483,1.0820856763511402,22299.43,20900.0,55.7,0.3005,1.6254,0.295,79.6,0.069
BE33,26100.0,100.1,537.63,289.7,0.0006776580412374029,4793.32,49.271445130718845,1.0621608991284437,18998.66,22700.0,59.0,0.35,1.62042,0.253,80.6,0.08199999999999999
BE34,22500.0,100.5,165.13,64.6,0.0006396156860752567,2782.15,48.405734651910734,1.0182304326689353,5180.69,25000.0,65.3,0.3785,1.76202,0.18100000000000002,80.6,0.079
BE35,24500.0,99.4,182.91,135.9,0.001902231086838646,3435.16,49.13141935124909,1.0576165522696406,8742.37,24700.0,60.8,0.3551775887943972,1.53616,0.20600000000000002,80.3,0.051
BG31,10100.0,116.4,120.0,39.0,-0.0015021167933892336,672.1,53.529044448294925,1.0770053365963004,5172.02,3300.0,60.2,0.1815,1.90808,0.413,73.7,0.075
BG32,11100.0,109.7,119.0,53.1,-0.0007277379584389828,539.8100000000001,52.9067078033158,1.1042318609159278,5990.88,3900.0,69.8,0.2535,1.77018,0.359,74.6,0.086
BG33,12900.0,109.1,142.0,63.7,0.0007210240859147457,763.06,51.06439041472104,1.0909684086211986,6828.11,3800.0,67.7,0.21760880440220112,1.83009,0.34700000000000003,75.0,0.155
BG34,12600.0,105.0,163.0,52.5,0.00017084720801972326,723.59,51.46934931098271,1.0970493582011724,7663.73,3700.0,69.8,0.20160080040020006,2.15573,0.366,74.5,0.1
BG41,27900.0,108.8,54.0,103.7,0.001445796548031847,950.81,49.67575740968337,1.1155284973006843,28664.37,8400.0,75.8,0.36950000000000005,1.53127,0.22699999999999998,76.0,0.054000000000000006
BG42,11600.0,111.1,224.0,63.7,0.0003608229799862477,391.75999999999993,51.62512168146546,1.1008325102299985,10778.85,3900.0,69.5,0.21300000000000005,1.87979,0.377,75.6,0.08900000000000001
CY00,29100.0,104.2,238.76,95.7,0.008911986427658896,216.92000000000002,46.49633916604037,1.0688925133893405,15554.51,16300.0,70.5,0.423711855927964,1.33,,82.3,0.11599999999999999
CZ01,64600.0,108.3,4.58,2714.3,0.01303422199671107,2404.34,48.77443798022003,1.0749629097315592,24014.69,16900.0,79.3,0.433,1.52,0.079,81.0,0.154
CZ02,26800.0,116.8,393.2,128.5,0.009949376776413608,772.35,49.03553939229273,1.0440177939882436,20723.46,13700.0,77.1,0.21850000000000003,1.76,0.096,79.4,0.138
CZ03,24500.0,110.0,708.66,71.8,0.002315131371619139,713.24,49.769033322592584,1.0343897518742364,16513.95,12000.0,75.4,0.19180819180819184,1.72,0.096,79.5,0.17300000000000001
CZ04,20100.0,102.9,103.92,131.7,0.0007871646429988598,876.58,49.382805981467456,1.0332871665232357,13855.3,11000.0,72.4,0.144072036018009,1.71,0.215,77.7,0.159
CZ05,23800.0,113.2,617.44,123.7,0.0007749722100667802,550.5899999999999,49.76347054777632,1.0436405588007134,20199.28,11800.0,74.8,0.1895,1.76,0.129,79.7,0.151
CZ06,26300.0,107.7,772.37,124.0,0.001705212809289909,703.79,49.6113568810281,1.0488675303461623,23390.25,12300.0,74.9,0.2455,1.77,0.125,79.9,0.152
CZ07,23600.0,110.1,367.51,133.2,5.4490217188159176e-05,504.2,49.92762410916768,1.0615301514505562,15481.0,11100.0,73.8,0.1895,1.67,0.129,79.3,0.165
CZ08,22800.0,102.2,188.12,226.2,-0.0011510023693196787,1019.94,49.56003152915383,1.0584034919052614,15041.78,10900.0,72.7,0.19309654827413708,1.66,0.149,77.9,0.11
DE11,48300.0,99.7,699.16,393.3,0.00020610614465184485,1251.49,49.91111512485207,1.0158355759590523,98339.91,34500.0,79.5,0.32,1.58,0.133,82.6,0.095
DE12,41700.0,102.8,162.91,409.3,0.0006059231688230257,1512.9099999999999,49.93083931053762,1.0260338451193545,63237.74,31900.0,77.8,0.30684657671164417,1.51,0.145,81.8,0.087
DE13,36200.0,102.8,398.26,244.9,0.00015615408791979732,1443.97,50.324614585876375,1.0437814500780567,52256.16,31600.0,79.5,0.28800000000000003,1.6,0.135,82.3,0.09
DE14,41200.0,104.9,1133.78,214.2,0.0003585549583211804,1147.1,49.92037090717224,1.025353279619615,43083.87,32700.0,79.8,0.29600000000000004,1.61,0.141,82.4,0.079
DE21,55300.0,101.7,2503.47,273.4,0.000417983884018174,1110.91,49.39789115988516,1.0359060253619685,124419.0,40500.0,81.2,0.37931034482758624,1.52,0.14800000000000002,82.8,0.08
DE22,36700.0,101.6,1005.9,121.0,0.00032741209942923645,831.3,50.352980326359365,1.004695841901507,27485.01,30400.0,80.1,0.21410705352676332,1.56,0.209,81.4,0.1
DE23,39700.0,101.1,1187.49,115.2,0.00029878835244970346,1000.49,50.171830203391686,1.0165308382430551,24157.1,30300.0,79.3,0.24550000000000005,1.59,0.17300000000000001,81.3,0.1
DE24,35700.0,103.5,632.02,147.8,0.0001848897746417829,964.52,51.39815015455916,1.043864168406591,22951.93,28500.0,79.8,0.245,1.52,0.187,81.2,0.052000000000000005
DE25,42400.0,103.9,768.89,245.7,0.0004744836509881039,1324.7800000000002,50.165086397154504,1.04604252270593,39793.05,31900.0,77.7,0.288,1.54,0.184,81.3,0.091
DE26,38000.0,102.2,212.15,155.1,0.0002133655941907838,883.2900000000001,51.007265715401495,1.0301770229097087,28955.44,30100.0,78.9,0.2698650674662669,1.56,0.175,82.1,0.086
DE27,37300.0,102.0,1994.42,191.5,0.00022181346259574517,947.7299999999999,50.322358140334565,1.0212084081981476,42885.69,31400.0,79.9,0.25987006496751625,1.63,0.163,82.1,0.102
DE30,38900.0,104.7,1.02,4322.9,0.004377438045053454,5004.74,48.7530684370762,1.0507003197038534,71150.95,26400.0,74.9,0.407703851925963,1.41,0.193,81.5,0.069
DE40,27400.0,102.9,,86.7,0.00029740992907805104,1848.6,53.62634314852088,1.0426981802687807,49477.17,24000.0,78.1,0.2728635682158921,1.59,0.17,81.2,0.03
DE50,44100.0,96.9,27.12,1744.5,0.003654062041262025,3917.94,49.796240165660386,1.0375899190994926,13544.77,26200.0,71.9,0.2647352647352647,1.6,0.265,80.7,0.08800000000000001
DE60,61300.0,100.4,7.51,2597.5,0.003094213001560413,4290.5599999999995,48.27426204613148,1.0617901430329872,42453.09,34200.0,76.9,0.34850000000000003,1.46,0.237,81.5,0.062
DE71,48000.0,100.1,196.93,542.2,0.00018046598443366966,1821.36,49.98677199896064,1.0461555276717038,91784.46,33700.0,76.3,0.324,1.55,0.135,82.1,0.098
DE72,32300.0,104.7,253.55,194.9,0.0027215272517653127,1273.51,50.204946027302164,1.0405208328495326,21472.97,27200.0,73.7,0.266,1.45,0.171,81.0,0.105
DE73,34300.0,102.9,542.5,147.5,0.0002834105969427822,1478.17,51.565148948130684,1.0327976828155379,25023.29,26300.0,77.0,0.23988005997001496,1.58,0.153,81.3,0.085
DE80,26800.0,105.1,1486.96,71.3,0.0005655211651426059,1630.94,53.31450334831237,1.0420473952927733,30264.71,21600.0,74.9,0.24600000000000002,1.54,0.23199999999999998,80.3,0.033
DE91,46400.0,117.8,183.13,197.3,0.0013829841873863862,1776.42,51.34070559065741,1.034063337677336,33212.33,28000.0,74.4,0.27199999999999996,1.55,0.18100000000000002,80.6,0.084
DE92,36100.0,102.7,612.2,239.0,0.0004743173124998627,2204.7999999999997,51.24999305415867,1.0565810690201733,43968.69,27500.0,75.3,0.26413206603301653,1.53,0.17600000000000002,81.0,0.069
DE93,26600.0,101.2,2838.67,111.4,0.00015176677660920442,1751.2900000000002,51.916607309767,1.0445524037575982,36559.28,28500.0,77.7,0.22300000000000003,1.68,0.162,80.9,0.079
DE94,33400.0,101.2,3608.83,169.8,0.00033422922683789326,1647.67,50.39012252963859,1.0286896077295888,51400.34,27000.0,76.5,0.21160580290145067,1.66,0.171,81.0,0.099
DEA1,38500.0,100.5,1061.79,1006.7,0.00022070948876129509,2548.52,51.00009922149115,1.071349652733901,107995.6,28500.0,72.5,0.2475,1.55,0.205,80.7,0.109
DEA2,39500.0,99.1,656.69,613.4,0.0002247502052198475,2601.24,49.943400358635124,1.058509917418003,94356.4,29800.0,73.6,0.28735632183908044,1.5,0.19699999999999998,81.3,0.08
DEA3,31500.0,102.2,906.14,380.1,0.00044839293427144627,2028.6799999999998,50.50770373325221,1.0517608143837245,53563.27,27100.0,74.7,0.23799999999999996,1.62,0.184,81.1,0.087
DEA4,35800.0,101.0,478.9,316.3,0.0005189740411910214,1598.09,50.67964504246417,1.0458886120927717,43890.2,28300.0,76.0,0.223,1.66,0.155,81.6,0.10300000000000001
DEA5,32600.0,100.7,533.82,449.1,0.00043382717068257036,2299.8999999999996,51.03970010148472,1.0526111144958321,72662.83,26700.0,72.8,0.215,1.58,0.185,80.4,0.09300000000000001
DEB1,31400.0,102.0,270.89,186.7,0.00014161414383175212,1387.21,51.7924472967599,1.041139698646136,31570.35,27800.0,77.5,0.24549999999999997,1.62,0.198,81.1,0.102
DEB2,28400.0,102.4,474.98,108.5,0.0029092950732827224,1379.84,50.64469975084826,1.024061986509673,11058.82,28400.0,79.6,0.27299999999999996,1.49,0.214,81.7,0.075
DEB3,34500.0,98.3,90.92,303.2,0.00010751785793155788,1752.12,50.812902641730176,1.0465243607695587,44159.24,29900.0,74.9,0.27899999999999997,1.54,0.165,81.3,0.095
DEC0,32900.0,96.6,95.31,385.5,0.0009281821191942476,2365.96,52.18047802774782,1.0562156609289837,19353.75,25000.0,73.6,0.23449999999999996,1.45,0.21600000000000003,80.2,0.08900000000000001
DED2,29600.0,102.1,804.71,205.6,0.0015323460580008847,1988.8,53.28451041810559,1.0355430247668842,30724.19,22300.0,79.5,0.29685157421289354,1.6,0.166,81.9,0.044000000000000004
DED4,26800.0,103.1,599.74,219.9,0.00041732269364001183,1435.2299999999998,54.955834046655355,1.051410239407466,27495.15,20800.0,78.9,0.24137931034482754,1.68,0.183,80.8,0.039
DED5,31100.0,104.0,276.14,268.4,0.00046766111042653057,3438.16,51.059136967354874,1.0505547236193817,19848.79,23400.0,77.3,0.3203398300849575,1.42,0.20199999999999999,81.0,0.032
DEE0,26600.0,103.7,,108.7,0.00039972193435684956,2368.2999999999997,53.91300315900986,1.0484961311709018,40798.29,20800.0,75.7,0.2175,1.56,0.18600000000000003,80.0,0.036000000000000004
DEF0,31100.0,102.4,3044.86,188.2,0.00018522425984254467,2170.0,51.7400228562756,1.0594560023374369,63162.57,28500.0,77.4,0.23,1.54,0.20800000000000002,80.9,0.08800000000000001
DEG0,27000.0,102.5,939.87,132.4,0.00020195659457275048,1426.82,53.526803369736164,1.0340950908751283,40198.92,21800.0,77.6,0.2676338169084542,1.56,0.193,80.7,0.026000000000000002
DK01,50900.0,105.3,79.0,756.0,-0.0008733025695315464,6518.45,47.25976170486075,1.0601776510643786,31990.05,37000.0,76.8,0.48350000000000004,1.66,0.175,81.5,0.055999999999999994
DK02,27500.0,103.1,152.0,118.3,0.0021341073932756574,3960.5,51.608437295741595,1.022089417431883,13646.28,30300.0,73.6,0.27736131934032987,1.76,0.12300000000000001,80.8,0.1
DK03,35300.0,100.4,2190.0,102.0,-0.0004414936245992077,3920.38,50.456676353273444,1.0104339719118545,19343.56,29000.0,73.9,0.30284857571214396,1.73,0.166,81.5,0.069
DK04,36400.0,106.6,1853.0,103.7,7.319288621642837e-05,3580.29,48.74932143187653,1.0084829880352886,21225.69,30700.0,75.3,0.3573213393303348,1.75,0.163,82.0,0.086
DK05,32900.0,100.5,1342.0,76.4,0.00014921450432806843,3137.75,50.13921702503125,0.987395203580614,9348.32,28700.0,72.8,0.28950000000000004,1.75,0.177,81.3,0.064
EE00,25900.0,111.9,820.8,30.5,0.0024658292520671377,1037.81,49.80799576170623,1.1624589074171734,16834.04,12000.0,74.8,0.371,1.66,,79.0,0.075
EL30,28300.0,93.5,8.19,987.5,-0.0004932995971326443,2242.54,50.585131826261026,1.1435863674793143,51226.74,13400.0,57.6,0.3753123438280859,1.35,0.248,81.2,0.17800000000000002
EL41,13500.0,94.8,2.98,59.3,0.009357642625687966,290.82,49.77986076944393,0.9248369926088802,2405.71,9300.0,60.4,0.2581290645322661,1.6,0.355,82.7,0.21100000000000002
EL42,22100.0,87.5,22.15,66.1,0.003873058124736475,875.8,49.096206557293726,1.0201169024517245,5223.67,14300.0,60.5,0.20839580209895056,1.62,0.345,82.3,0.21899999999999997
EL43,17500.0,93.1,1.07,76.5,0.0010150533803006934,518.79,49.669489302048746,1.0730085801722529,7337.7,10600.0,61.8,0.24450000000000002,1.54,0.316,82.1,0.172
EL51,13900.0,98.1,104.32,42.8,0.0009928626760337593,422.85,51.21663431291266,1.0330378496624792,6363.61,9000.0,56.6,0.22300000000000003,1.3,0.35200000000000004,81.1,0.212
EL52,16100.0,95.3,312.53,101.2,-1.4048451896841951e-05,1526.82,51.28404224470698,1.1018719118206006,21504.68,10000.0,53.7,0.293,1.27,0.317,81.7,0.2
EL53,17700.0,83.4,31.93,28.8,-0.0008412382019184188,185.76,52.60519586555888,1.050690438734487,3236.64,10400.0,50.6,0.2521260630315158,1.26,0.348,82.5,0.24100000000000002
EL54,14300.0,97.5,19.56,36.8,0.0008757554634412765,267.62,53.34447935607611,1.0607533859838236,3832.52,9700.0,55.1,0.296648324162081,1.24,0.276,84.0,0.166
EL61,15700.0,97.2,107.54,51.4,0.00019564726995425908,255.49,52.396682262724305,1.069980817194454,7804.42,9200.0,54.8,0.29950000000000004,1.28,0.28,82.3,0.21600000000000003
EL62,19100.0,91.5,0.79,89.4,0.0009964687659121487,560.17,52.21730912116979,1.062790441041235,3112.25,13700.0,59.8,0.23311655827913957,1.55,0.257,81.4,0.207
EL63,14800.0,95.8,17.56,59.2,-0.0007814942856804405,1056.34,51.04053188169492,1.045047392470073,6720.76,8700.0,49.7,0.18959479739869936,1.32,0.409,81.5,0.22
EL64,18500.0,102.9,24.01,36.1,0.001321837560878603,544.1,51.93692934187799,1.0067017774279265,5811.71,9100.0,55.7,0.2191095547773887,1.12,0.295,81.8,0.308
EL65,17200.0,98.7,6.76,37.1,0.0014525932747886732,720.87,52.914823856671184,1.0165971084560603,6397.05,9700.0,61.9,0.2271135567783892,1.32,0.364,82.1,0.233
ES11,25600.0,102.5,2899.76,92.0,0.0017413226923559035,728.5400000000001,53.039277581543054,1.0987220850086938,41234.02,15000.0,63.8,0.3655,1.01814,0.243,84.0,0.07200000000000001
ES12,25000.0,100.1,581.57,96.6,0.003538041781003633,659.93,53.720482979637836,1.1176803617626614,17000.11,15100.0,59.4,0.416791604197901,0.95664,0.24600000000000002,83.2,0.066
ES13,26200.0,101.2,457.04,110.5,0.005053360115053721,956.26,51.8899385865496,1.0794925680447194,9438.23,16000.0,64.2,0.40299999999999997,1.06379,0.19399999999999998,83.9,0.11699999999999999
ES21,36500.0,101.6,186.35,303.7,0.0029219625016879682,1367.21,52.06697807838341,1.0811763984298333,45873.54,21600.0,67.3,0.48700000000000004,1.24932,0.14400000000000002,84.5,0.066
ES22,34400.0,100.3,249.42,63.1,0.010494839896629428,1024.4,50.45708152486042,1.0360267449795655,12296.2,20200.0,68.0,0.4485,1.38361,0.11699999999999999,85.0,0.09699999999999999
ES23,30200.0,99.7,24.24,62.6,0.005513233976965949,760.28,51.30279777342747,1.0444160746873017,5230.87,17500.0,68.7,0.36700000000000005,1.30172,0.152,84.2,0.081
ES24,30900.0,98.6,160.4,27.9,0.00422450033161214,789.04,51.48413594637913,1.0410257172809123,22908.79,18100.0,68.8,0.37581209395302345,1.25335,0.21100000000000002,84.4,0.127
ES30,39000.0,103.8,64.26,839.7,0.015761524720621305,1458.54,49.30682428493434,1.1196257649458654,136460.62,23800.0,69.0,0.4675,1.21957,0.19,85.8,0.08900000000000001
ES41,26800.0,100.6,936.4,25.6,0.00026780335119928894,756.21,53.44022162856849,1.0419888318282968,39084.29,15800.0,65.5,0.36931534232883556,1.12497,0.16699999999999998,84.7,0.129
ES42,22400.0,100.6,269.12,25.8,0.00031782585246514696,1053.03,50.045526914101636,1.0072923703454846,27829.19,13900.0,60.8,0.287,1.24287,0.307,83.9,0.19
ES43,20700.0,98.8,28.32,26.0,-0.0003731349814883346,674.28,50.83197400509299,1.0301061739538744,13497.34,12100.0,55.7,0.25800000000000006,1.2167,0.377,83.1,0.188
ES51,33700.0,99.9,752.85,238.1,0.008324996321556765,2314.62,49.825245150778514,1.0586452937475146,139513.94,20200.0,68.6,0.40399999999999997,1.26909,0.188,84.3,0.083
ES52,24900.0,99.9,85.3,216.2,0.004238307098259727,1441.75,50.155469123515694,1.0478253507027542,72725.17,15000.0,63.3,0.3525,1.23134,0.27,83.5,0.149
ES53,30500.0,99.8,69.95,241.2,0.013316826185763153,1832.33,47.878560254015845,1.0152716132153132,19670.86,18700.0,67.6,0.3045,1.17358,0.151,84.2,0.111
ES61,21000.0,99.0,574.92,97.4,0.0008451440537864273,1129.97,48.96283363716143,1.046974267253477,108775.41,12900.0,54.8,0.297,1.30586,0.377,82.6,0.161
ES62,23300.0,98.2,68.44,132.4,0.0070206636840580644,1423.18,48.15324938977802,1.012210925887503,20101.45,14100.0,60.9,0.29814907453726863,1.49064,0.319,82.9,0.17300000000000001
ES63,22600.0,102.9,0.0,4222.9,-0.001751148824144699,1217.75,45.89089212102357,0.9756292449061127,1210.2,14300.0,49.9,0.20950000000000002,1.48046,0.45899999999999996,81.4,0.18100000000000002
ES64,20700.0,100.9,0.0,6041.5,-0.000960948444537066,1707.43,45.02961311893011,0.9713137907224907,1084.87,13200.0,49.7,0.28600000000000003,2.0991,0.385,81.4,0.195
ES70,22900.0,98.3,52.04,299.4,0.006072400308974586,1118.57,48.27007304947674,1.0314421185337845,29512.6,14100.0,57.2,0.31549999999999995,0.96995,0.35,83.5,0.099
FI19,30000.0,102.2,683.84,23.7,0.0007675311801854408,2736.51,50.93349951644665,1.0287415266510846,22603.86,22900.0,72.8,0.40029985007496255,1.4,,82.3,0.034
FI1B,44700.0,101.3,66.34,184.7,0.007822149771637033,3962.6000000000004,47.87321958041958,1.074590072607751,32676.59,30800.0,75.3,0.49624812406203106,1.28,0.10099999999999999,82.6,0.047
FI1C,30300.0,104.4,286.61,36.6,0.000705178797726509,2887.79,51.958033489663435,1.0536597835411559,19626.36,23400.0,72.4,0.391304347826087,1.3,0.163,81.7,0.003
FI1D,28300.0,104.4,1320.42,6.3,-4.8578017354877885e-05,2626.73,51.65388402673491,1.0116259818978262,20897.87,21900.0,70.0,0.36931534232883556,1.44,0.19,81.5,0.015
FI20,35900.0,93.7,17.17,19.2,0.009567289939239316,2047.73,51.272883343103594,1.0185952159580762,565.94,28800.0,81.5,0.3255,1.57,,83.9,0.053
FR10,56700.0,104.2,42.43,1026.8,-0.0005202616336890716,5067.61,47.1397814315992,1.1069127675004191,262757.68,33200.0,68.3,0.48350000000000004,1.93,0.15185714285714286,84.6,0.073
FRB0,27000.0,102.9,437.62,65.4,-1.1969396475556454e-06,2282.81,51.8099018490012,1.0913412314587425,46751.8,21300.0,66.7,0.2988505747126437,1.88,0.13133333333333333,82.7,0.06
FRC1,27000.0,103.2,344.22,51.3,8.814416826672801e-05,2338.44,52.62324319434265,1.0946712873894737,28804.11,20500.0,67.7,0.304847576211894,1.75,0.14300000000000002,82.4,0.073
FRC2,24700.0,102.5,1298.35,72.6,-0.00021662431228098902,2011.1000000000001,50.97371867896922,1.0650743885687781,21243.3,21200.0,66.4,0.278,1.8,0.12775000000000003,82.8,0.094
FRD1,25500.0,98.8,3151.31,82.6,9.01903240222609e-05,1743.25,52.23199009022776,1.0960984766468695,25941.64,20100.0,66.2,0.26686656671664166,1.77,0.12866666666666668,82.5,0.047
FRD2,27500.0,97.8,863.2,151.2,-0.0011867282583191796,2619.64,50.21728637031645,1.1058213903884095,33045.77,21300.0,63.1,0.2725,1.88,0.1365,81.8,0.073
FRE1,26700.0,102.6,1497.88,327.4,-0.0017667492758603504,3192.4500000000003,48.8264335772232,1.1051592034772062,64598.32,19400.0,58.3,0.3095,1.86,0.1865,81.1,0.094
FRE2,24300.0,101.3,947.28,99.4,-0.0006070168892617228,2633.02,49.879364342260935,1.080712498464082,34122.78,20800.0,62.5,0.265,1.84,0.15733333333333333,81.4,0.087
FRF1,30400.0,103.7,342.16,230.6,0.0003927761007722242,1985.94,49.715366636583326,1.0770796339860664,34076.78,23500.0,68.8,0.3411705852926463,1.69,0.13099999999999998,83.3,0.048
FRF2,27400.0,103.3,649.18,51.5,-0.0007634907401149557,2673.4500000000003,50.77774476803606,1.085541327964902,22684.01,20400.0,61.6,0.259,1.79,0.1605,81.8,0.08800000000000001
FRF3,24000.0,102.3,1339.42,98.6,-0.00021008653049770415,2114.45,50.571537294814426,1.074605301238207,40360.44,20900.0,64.6,0.316,1.64,0.1505,82.0,0.08800000000000001
FRG0,29200.0,102.0,3893.02,118.3,0.0011533097801602898,3012.67,50.67895202821249,1.083012286088845,66678.21,21200.0,67.5,0.3325,1.85,0.11019999999999999,83.4,0.07
FRH0,27800.0,103.7,5625.39,122.4,0.0010710185776266422,2018.1399999999999,51.57785909545086,1.0871911788893969,59146.13,20800.0,67.3,0.3525,1.78,0.10566666666666669,82.5,0.038
FRI1,28800.0,102.0,418.27,83.9,0.002334787981532153,3266.57,51.608743461892175,1.1141884122472974,61804.67,21600.0,67.1,0.3378310844577711,1.64,0.138,83.4,0.039
FRI2,24700.0,102.8,130.71,42.9,0.0007039344025550648,1770.8500000000001,53.66393926485928,1.1084764221662753,13027.71,19700.0,66.9,0.3161580790395198,1.7,0.15533333333333332,82.3,0.054000000000000006
FRI3,26600.0,102.9,550.21,70.0,0.0010579767376331095,2477.4300000000003,52.948399279395524,1.1005291461023208,32784.12,20000.0,67.9,0.28985507246376807,1.72,0.1335,82.8,0.067
FRJ1,24500.0,101.7,68.06,104.4,0.0018533655129436828,3910.0199999999995,51.85362054686845,1.1219083361659132,47335.82,18800.0,59.8,0.32616308154077045,1.78,0.18840000000000004,83.1,0.08800000000000001
FRJ2,30100.0,102.9,661.01,67.8,0.0013553338462756802,3153.2,51.04293878904011,1.0802438828584828,54655.6,21900.0,68.0,0.42221110555277636,1.67,0.15075,83.8,0.07
FRK1,26700.0,106.4,1173.71,52.6,0.00112661479720378,2230.25,52.4755595001253,1.0875361672873969,25232.04,20800.0,67.4,0.2975,1.73,0.1335,82.5,0.063
FRK2,33200.0,103.7,1560.29,150.9,0.0002157617045866996,3638.7000000000003,49.579626254211306,1.0860757186652361,123046.21,24200.0,69.1,0.397,1.87,0.12487499999999999,84.1,0.075
FRL0,30600.0,101.6,24.87,162.4,0.0003591571384390553,4251.42,51.779981000290995,1.1303537636517458,93340.21,22700.0,63.4,0.3638180909545227,1.96,0.166,83.4,0.057999999999999996
FRM0,25800.0,100.6,0.0,39.6,0.0057763734322075,1644.6799999999998,51.99265429406613,1.085661878021094,5777.37,21300.0,67.3,0.25562781390695344,1.41,0.179,84.0,0.217
FRY1,21700.0,108.2,0.0,247.0,-0.011655084371580504,2801.8,50.78256945546665,1.2464658752464448,5827.87,16500.0,49.8,0.22888555722138926,2.3,,81.8,0.102
FRY2,22400.0,104.7,0.23,328.6,-0.010444215216126944,2749.62,52.08185011870291,1.238138749184167,5491.49,18700.0,57.7,0.242,2.0,0.27399999999999997,82.1,0.024
FRY3,14300.0,84.4,0.06,3.4,-0.003425897656188982,3670.59,41.33052684851308,1.088107790039989,2760.77,11400.0,43.3,0.19790104947526238,3.73,,,0.168
FRY4,20600.0,115.9,18.49,345.7,-0.00563045018055991,1619.9899999999998,46.73139987882605,1.143297174692149,12868.28,16700.0,46.5,0.20950000000000002,2.39,0.37200000000000005,81.3,0.10099999999999999
FRY5,8900.0,96.0,2.4,750.8,-0.00021144080213963254,1939.19,37.83789590720596,1.1848143649673375,1719.28,7600.0,35.2,,4.6,,75.9,0.22399999999999998
HR03,20200.0,102.4,36.0,56.0,0.0009850384906374408,841.0,51.157980859550484,1.0916161094617272,14516.65,7900.0,60.3,0.255,1.42,0.22,79.9,0.096
HR04,,,563.0,85.8,0.0003025316905528776,683.27,49.83789644159744,1.1079194582584255,,,,,1.49,0.239,77.9,
HU11,47700.0,109.8,1.79,3433.8,0.007339916150079861,1104.21,49.137317126870485,1.1830878109711356,31054.31,13600.0,74.0,0.4475,1.19,0.156,78.7,0.149
HU12,18100.0,106.4,149.64,205.1,0.010677604816060251,531.56,48.500762929768214,1.0877724877384365,14768.78,9300.0,72.0,0.25712856428214104,1.63,0.191,76.9,0.161
HU21,21100.0,106.3,298.59,99.1,0.0012819233540829157,417.20000000000005,49.345110145893955,1.0749400861814533,12558.34,9300.0,71.8,0.2001000500250125,1.55,0.135,76.2,0.168
HU22,22200.0,102.0,293.45,88.6,0.0028658044112117656,543.09,49.62821300935399,1.0858050275841336,11071.21,8600.0,73.8,0.20689655172413796,1.48,0.163,77.3,0.17300000000000001
HU23,15500.0,109.4,249.23,63.7,0.0005904035557017803,639.27,50.228086089679934,1.1176790042145825,8692.49,7300.0,65.4,0.17041479260369816,1.58,0.24600000000000002,76.0,0.142
HU31,15200.0,107.2,138.91,84.4,-0.0009303391008461568,760.33,49.375767787693846,1.1124989365200175,10229.08,6800.0,66.1,0.1585,1.83,0.239,74.5,0.16699999999999998
HU32,14700.0,108.6,456.78,83.1,-0.0006878798089259881,546.11,48.53904919464481,1.0898177928342205,13740.08,7100.0,66.4,0.1775,1.73,0.242,75.5,0.14400000000000002
HU33,16500.0,105.6,374.39,68.1,0.0008215615167513236,534.55,50.00123069950616,1.1091656726595511,12807.14,7800.0,69.6,0.201,1.55,0.149,76.2,0.149
ITC1,32000.0,102.0,864.37,172.3,0.0007184994713411576,2031.62,53.223424319776434,1.0794183053162227,87192.01,22900.0,66.1,0.183,1.27,0.16699999999999998,83.3,0.147
ITC2,39000.0,100.4,85.33,38.6,0.0016235187381121025,817.33,52.57041333888489,1.0650733785394642,2428.09,21900.0,68.4,0.17841079460269865,1.31,0.081,83.6,0.094
ITC3,32900.0,99.4,109.45,284.3,0.0013286082449329092,2092.0,54.70247748547042,1.1138766917101217,30424.95,21800.0,63.3,0.20850000000000002,1.21,0.17600000000000002,83.5,0.158
ITC4,39900.0,100.5,5007.89,435.8,0.0007509894443844777,2504.1299999999997,51.838978139371946,1.0627263524691002,216522.62,26400.0,68.4,0.201,1.33,0.162,84.2,0.171
ITF1,25700.0,100.5,87.01,120.5,0.0004816140360343734,1376.01,52.21261897799116,1.067892474406692,20068.46,16500.0,58.3,0.19450000000000003,1.17,0.25,83.7,0.247
ITF2,21900.0,102.2,49.73,68.2,0.0006498750474654908,1133.34,52.315096534255694,1.0450387712146227,4236.18,14500.0,54.7,0.1810905452726363,1.15,0.381,83.6,0.245
ITF3,19500.0,99.3,308.36,422.2,-0.00057577833074605,2426.41,49.34540051149983,1.0747850907003524,73133.09,13300.0,41.5,0.14699999999999996,1.31,0.49700000000000005,82.1,0.267
ITF4,19600.0,99.1,265.0,206.8,-0.00010576834804292438,2212.7,51.021389921583896,1.0774731429597881,54520.76,13900.0,46.4,0.14350000000000002,1.2,0.374,83.7,0.295
ITF5,23300.0,100.3,85.12,55.7,-0.0007036627602891247,760.49,51.606395252315316,1.0509137143349712,7597.58,14200.0,50.8,0.159,1.15,0.34700000000000003,83.0,0.284
ITF6,17700.0,101.7,99.22,126.5,-0.00011851297379736873,1139.63,50.75735166070478,1.0580249847458172,24292.74,12200.0,42.0,0.149,1.26,0.39799999999999996,82.8,0.257
ITG1,18400.0,100.0,253.63,192.1,-0.00027916107257226476,1992.0599999999997,50.56664546924015,1.0793776664480643,64613.91,12900.0,41.3,0.1325662831415708,1.33,0.48700000000000004,82.3,0.25
ITG2,22000.0,96.6,237.39,68.3,0.00018403623586690196,1068.1399999999999,52.27674228610924,1.0511532236309684,23738.54,14700.0,53.9,0.16491754122938532,1.0,0.281,83.6,0.139
ITH1,48700.0,98.8,443.55,72.2,0.003961811232234548,1585.48,50.22006217221144,1.0420697519718711,12772.38,29100.0,74.1,0.158,1.71,0.115,84.5,0.127
ITH2,39600.0,101.5,190.66,88.2,0.0036599653130925604,1312.63,51.5460416615649,1.0587620597199625,10757.82,23000.0,68.5,0.20149999999999998,1.42,0.14,84.9,0.141
ITH3,34200.0,99.7,1099.51,282.0,0.0005977112126432714,1794.32,52.072139851520475,1.0626736194985265,94292.25,22700.0,67.6,0.184,1.29,0.111,84.3,0.18899999999999997
ITH4,32700.0,101.9,217.41,159.9,0.001157820319331123,1265.6,53.553265206774974,1.0761127274480808,24214.54,22400.0,66.6,0.1969015492253873,1.25,0.138,83.9,0.17300000000000001
ITH5,36600.0,99.9,2523.87,201.9,0.00076312848245902,2571.0099999999998,52.63894873633602,1.0780387267499554,95508.26,24900.0,70.4,0.21799999999999997,1.3,0.155,84.0,0.13699999999999998
ITI1,33100.0,102.2,88.95,162.7,0.0005989825315157812,2497.4500000000003,53.2094525392685,1.0942702754520357,70957.51,21600.0,66.9,0.1990995497748874,1.21,0.187,84.1,0.141
ITI2,26600.0,99.8,72.22,105.5,0.001578054588797719,1709.76,53.18684401001195,1.0970315891823443,15597.48,19100.0,64.6,0.21039480259870066,1.2,0.133,84.5,0.149
ITI3,28400.0,98.8,48.42,161.9,0.0004361793896122231,1230.27,52.84974787487883,1.0789192802737324,27365.53,19800.0,65.0,0.20389805097451277,1.19,0.191,84.4,0.161
ITI4,35200.0,99.5,357.33,343.0,0.0020221041853413766,2965.3,51.4955922776341,1.0969119347816962,107696.24,22000.0,61.2,0.24850000000000003,1.18,0.248,83.8,0.16899999999999998
LT01,38400.0,106.1,48.8,86.6,0.011706538395516356,1023.2600000000001,48.4581712587582,1.2423132146625842,15000.53,14100.0,79.3,0.5262368815592204,1.35689,0.212,76.9,0.01
LT02,21400.0,114.5,1498.6,37.2,0.00037802444303277884,951.18,50.584291190037014,1.2181118784383413,27980.02,9900.0,70.3,0.35350000000000004,1.46291,0.28300000000000003,76.4,0.017
LU00,78900.0,96.9,421.26,239.8,0.016598956823164913,2267.0,46.818042690131584,0.9979373884598496,16383.57,40800.0,67.9,0.44,1.34,,82.7,0.091
LV00,21600.0,110.1,978.9,30.2,3.455532935207414e-06,1069.98,50.39272252288265,1.2297151949812382,21734.08,9800.0,72.3,0.3355,1.61,,75.7,0.038
MT00,32600.0,104.3,41.27,1595.1,0.023348899656335485,1876.7700000000002,47.56159321968192,0.9611778737639406,,,71.7,0.28364182091045526,1.14,,,0.22
NL11,36000.0,90.4,961.0,247.9,0.0022972966673958104,2222.48,48.36484590499599,1.0125081329974475,9877.99,24800.0,72.3,0.35,1.41,0.23,81.3,0.046
NL12,27700.0,100.0,2739.0,191.0,0.000652202840254839,1523.6100000000001,50.83119127814217,1.004805612213363,11159.59,25200.0,78.4,0.30534732633683154,1.75,0.16699999999999998,82.0,0.086
NL13,27000.0,99.5,971.0,184.5,0.001103129408690894,1735.58,52.14021764285643,1.0272315600522193,8569.92,25900.0,77.5,0.31199999999999994,1.73,0.14300000000000002,81.9,0.11900000000000001
NL21,33400.0,100.9,2334.0,344.9,0.0012424965758197739,1801.49,49.536954188032325,1.0030365742378002,19827.7,26300.0,78.9,0.319,1.68,0.158,81.9,0.096
NL22,33500.0,100.5,2140.0,415.8,0.001719513366589192,1949.6799999999998,50.02845342837436,1.0337242577608559,37062.3,27900.0,78.1,0.3491745872936468,1.65,0.147,82.1,0.092
NL23,29300.0,99.4,313.0,292.5,0.0038147047384922673,2289.54,47.08713318707108,1.016253154043153,7378.82,28200.0,78.9,0.3005,1.77,0.158,82.4,0.12
NL31,49700.0,101.0,865.0,934.6,0.006609473323376019,2367.25,47.95792686825397,1.0582743796907028,25817.33,33400.0,80.7,0.49200799200799206,1.62,0.156,82.7,0.08800000000000001
NL32,53100.0,105.0,813.0,1041.2,0.002804290557982523,3288.09,48.434919860328186,1.0420560664953307,55676.7,32500.0,78.8,0.452,1.46,0.17,82.4,0.079
NL33,38400.0,96.5,837.0,1292.2,0.0018153949666016027,2503.98,48.56512374297621,1.0420126742991238,66754.33,29300.0,76.8,0.38030984507746124,1.6,0.19399999999999998,82.2,0.10300000000000001
NL34,31500.0,99.4,207.0,212.6,0.002231506111822459,1423.12,51.98763132068794,1.0297091132329315,6747.84,26900.0,79.2,0.27449999999999997,1.73,0.14300000000000002,82.6,0.125
NL41,40200.0,101.5,1940.0,514.8,0.0017038578409589648,2275.77,49.844134668714844,1.0060134988194358,46745.62,29400.0,80.1,0.3556778389194597,1.55,0.139,82.3,0.099
NL42,35000.0,101.1,436.0,517.7,0.001996134081549703,2603.08,51.623882860348054,1.0236079551602502,19406.76,26000.0,75.8,0.314,1.43,0.153,81.8,0.09
PL21,20800.0,115.6,293.0,224.0,0.00027027836125728997,372.40999999999997,47.73551077315852,1.0878896363995265,44033.63,8400.0,67.8,0.31984007996002,1.51,0.185,79.2,0.161
PL22,23400.0,117.0,278.0,368.8,-8.892855106178496e-05,530.78,49.13048756523303,1.0988668735855667,67259.96,9100.0,66.2,0.29314657328664334,1.38,0.138,77.5,0.136
PL41,24800.0,114.8,2021.0,117.9,0.00010088547719196618,399.59,47.615760854812464,1.082813455475493,48772.61,9100.0,70.7,0.26899999999999996,1.55,0.175,78.1,0.177
PL42,19000.0,110.0,167.0,76.6,-7.151411207694468e-05,569.4399999999999,48.60238370568653,1.0800088339488052,22144.64,8100.0,66.3,0.2778610694652674,1.32,0.171,77.5,0.166
PL43,18500.0,111.4,87.0,72.6,-0.0003349987341006232,691.52,48.12233241917492,1.0732911852629878,11881.84,7400.0,67.7,0.242,1.35,0.145,76.9,0.16399999999999998
PL51,24900.0,112.7,186.0,144.9,0.00020054737804264344,889.72,48.86403248514109,1.1062696644960877,40792.85,9200.0,70.6,0.33,1.38,0.145,77.5,0.125
PL52,18000.0,114.2,286.0,101.4,-0.00022727061067630486,465.31,48.94087011781922,1.08522910254312,11841.04,7400.0,68.9,0.24800000000000005,1.33,0.17,78.2,0.191
PL61,18200.0,113.5,1086.0,116.8,-3.632003456462626e-05,445.85,48.16280884141649,1.0916387544198707,24806.51,7500.0,66.3,0.23299999999999998,1.39,0.23199999999999998,77.5,0.18899999999999997
PL62,15600.0,109.0,1062.0,61.1,-0.0005965043227055358,449.78000000000003,47.71351362680143,1.0686775369518642,16409.46,7100.0,63.7,0.22699999999999995,1.35,0.242,77.2,0.17300000000000001
PL63,22200.0,116.0,383.0,130.6,0.0004536285526198565,608.7,47.76428350871425,1.0818351813262093,30992.01,8600.0,71.2,0.3235,1.62,0.153,78.5,0.188
PL71,21500.0,117.0,1128.0,135.2,-0.00016422142167254113,520.27,49.39570640111563,1.1313746996324423,33353.54,8600.0,69.1,0.275,1.36,0.165,76.9,0.147
PL72,16300.0,113.3,224.0,105.1,-0.000808477750367466,283.95,49.06062767754221,1.0709902563188016,14222.77,7000.0,65.4,0.2825,1.26,0.207,78.0,0.141
PL81,15600.0,116.3,831.0,84.0,-0.0004949518520488994,240.93,48.42924066345317,1.0873054080534152,24159.6,7000.0,64.7,0.2933533233383308,1.34,0.28800000000000003,78.2,0.133
PL82,16100.0,115.1,166.0,117.8,-0.00016394301622434289,229.60999999999999,47.58561259668638,1.0612340262746294,22507.54,6600.0,63.8,0.27586206896551724,1.38,0.223,79.4,0.16399999999999998
PL84,16500.0,117.8,2906.0,57.5,-0.00033960759624232907,349.2,48.39538775092758,1.0736624614644599,13117.38,7000.0,68.3,0.3105,1.42,0.20800000000000002,78.7,0.15
PL91,50100.0,123.2,166.0,510.2,0.0019523528133652773,834.31,48.97714701057688,1.1787913808760424,63732.44,14400.0,77.3,0.5305,1.6,0.134,79.5,0.10300000000000001
PL92,19800.0,119.8,3233.0,79.5,-0.0003625961738900559,366.88,47.890927639991396,1.0582028694779992,31027.37,8400.0,66.6,0.24562281140570286,1.51,0.213,77.0,0.161
PT11,21000.0,105.7,760.65,169.3,0.0005168048933909395,1457.2,50.682443309646104,1.1358014616027672,45571.57,11100.0,68.9,0.22111055527763887,1.28793,0.23199999999999998,82.4,0.08199999999999999
PT15,27600.0,100.5,0.47,88.9,0.006882116288835654,2788.5600000000004,51.38454960691245,1.1018088912729707,7746.09,14700.0,72.7,0.20839580209895056,1.67784,0.23199999999999998,80.7,0.042
PT16,21300.0,106.9,214.39,79.2,0.0005515540506347005,1146.32,53.0949146154377,1.1400641622778518,30318.29,11300.0,71.5,0.23888055972013988,1.36295,0.204,82.0,0.079
PT17,32000.0,98.1,80.8,1015.9,0.007361627629639837,1905.29,50.13850474413237,1.1775489457515003,48140.57,15900.0,72.0,0.3363318340829585,1.62614,0.17800000000000002,82.2,0.051
PT18,22400.0,100.7,263.39,22.7,9.135431538365698e-05,1187.28,53.47943428791662,1.0997427967249684,9871.82,11900.0,69.7,0.193,1.54728,0.22,80.7,0.067
PT20,21800.0,107.5,653.83,105.3,-0.0006769598197016332,1504.24,47.70517986284776,1.0716801482071885,3439.16,12100.0,65.6,0.1295,1.35461,0.36700000000000005,78.8,0.142
PT30,23800.0,104.2,1.95,318.0,0.0020167973258465558,1091.97,49.90014934823271,1.1761661845911122,3516.04,11300.0,67.8,0.19740129935032483,1.3177,0.322,78.8,0.046
RO11,20200.0,131.0,680.9,75.0,-0.0003161983555334411,742.48,48.341375438827626,1.0704264617692658,29734.52,6500.0,67.0,0.17600000000000002,1.69,0.193,75.7,0.17600000000000002
RO12,20500.0,118.2,682.1,68.2,-0.0005214272793248237,805.6,49.076600234101335,1.0596057336566886,26540.8,6400.0,60.2,0.1705,1.85,0.244,76.0,0.204
RO21,13900.0,103.9,878.4,87.5,-0.0006704874863852844,953.98,48.85180487200545,1.0271400066592298,28845.45,4300.0,73.1,0.10789210789210789,2.14,0.47100000000000003,74.6,0.162
RO22,17500.0,114.6,362.2,70.9,-0.001051802479235544,1239.43,50.068394426629425,1.0569548822474786,24281.03,5400.0,60.4,0.13,1.84,0.401,74.4,0.249
RO31,16500.0,98.8,418.3,86.1,-0.0009711906550297824,880.6600000000001,50.32902686247059,1.050628924106552,28500.77,5000.0,64.9,0.12050000000000001,1.76,0.365,75.5,0.213
RO32,50000.0,135.3,10.7,1321.9,-0.0017133332880950541,1558.63,47.7978230182879,1.1721908153693454,49532.04,14500.0,72.3,0.38549999999999995,1.55,0.14,77.2,0.128
RO41,17000.0,103.4,337.6,66.9,-0.0012825421098650223,859.43,50.306113018880666,1.0480238902911116,19086.44,5000.0,64.0,0.14442778610694654,1.64,0.389,76.2,0.20199999999999999
RO42,22400.0,133.7,293.0,55.7,-0.0002849165633539567,1014.4200000000001,48.828142932303976,1.0727081644126646,22946.59,7400.0,60.6,0.15350000000000003,1.58,0.21899999999999997,75.6,0.212
SE11,51700.0,103.9,21.78,361.8,0.006828990275258476,6204.58,47.29052101117815,1.0151356079526113,48082.95,32900.0,79.5,0.49450000000000005,1.61,0.14800000000000002,83.9,0.032
SE12,31500.0,99.5,416.52,44.7,0.0015578054480452014,5177.9400000000005,49.52915336144267,1.001042966356546,28646.11,24200.0,75.3,0.39030484757621187,1.72,0.187,83.0,0.061
SE21,31300.0,101.8,787.09,26.2,0.0020722987613879034,4053.9900000000002,50.658967594205784,0.985004054136527,14242.95,23800.0,78.8,0.3455,1.83,0.16399999999999998,83.6,0.063
SE22,31900.0,102.6,355.25,110.1,0.0063152965399358935,5741.1,49.35603361159104,1.0153818682290552,26016.89,24600.0,73.0,0.42200000000000004,1.72,0.254,83.1,0.059000000000000004
SE23,36000.0,100.6,691.61,70.1,0.004576014635151116,5297.95,49.26061606372465,1.0021155400783532,36143.68,26600.0,79.2,0.39569784892446225,1.71,0.192,83.1,0.055
SE31,29900.0,101.5,171.61,13.5,0.0016190400256910471,4422.610000000001,51.59144988791332,0.9935641173355678,13962.41,22600.0,75.4,0.3125,1.78,0.183,82.7,0.021
SE32,31700.0,100.2,110.54,5.3,0.0016542802531856232,4271.93,51.591347595221755,0.9862245100504174,6151.72,23100.0,76.2,0.34567283641820906,1.82,0.23600000000000002,82.1,0.015
SE33,36500.0,103.6,149.98,3.4,0.0010305090031573825,3537.11,50.29429039927461,0.9676834750683699,8652.09,24000.0,75.9,0.36781609195402293,1.7,0.166,82.2,0.057
SK01,51000.0,102.8,41.82,328.8,0.00841269985657931,771.2299999999999,48.30752790445005,1.1413638065183527,12122.5,18700.0,77.1,0.434,1.65,0.079,79.3,0.11
SK02,20400.0,105.4,453.38,123.0,0.00012903180084290804,343.57,48.336566128698045,1.0649828098193237,19743.53,9900.0,70.1,0.2126063031515758,1.4,0.113,78.0,0.128
SK03,17900.0,103.9,235.03,82.7,-0.0004419278804062831,383.28,47.55087689199326,1.0676913903585903,14844.74,10000.0,68.1,0.2206103051525763,1.49,0.215,77.2,0.11800000000000001
SK04,15500.0,103.0,174.02,103.9,-0.0005414122784875076,372.63,46.51409124490763,1.0568659288010966,15786.69,7900.0,63.4,0.22450000000000003,1.69,0.212,77.6,0.153
