"year.x","geo","regionname.x","weighted_avg_left_right","purchasing_power_standard_per_inhabitant","real_labour_productivity_per_person_employed_2019_base_year","raw_milk_on_farms","pop_density_per_square_km","net_migration_per_capita","count_of_all_crime_per_100k","average_age_for_people_above_18","F.M_ratio","disposable_income_avg","gross_income_per_capita","employment_rate","proportion_with_higher_educ","fertility_rate","poverty_rate","life_expectancy","gender_employment_gap_proportion","total_votes","total_weighted_score","log_raw_milk_on_farms","log_pop_density","log_fertility_rate","log_disposable_income","poverty_rate_squared","poverty_rate_cubed","poverty_rate_fourth"
2019,"AT11","Burgenland",5.55002465798089,27600,101.5,28.05,77.8,0.00316194175115201,1315.8,51.7666503060517,1.05625943565405,6390.49,27500,71.9,0.299350324837581,1.39,0.146,81.9,0.102,150284,834079.9057,3.33434507467432,4.35426995762884,0.336472236621213,8.76256779157177,0.021316,0.003112136,0.000454371856
2019,"AT12","Niederösterreich",5.72453789284542,33000,104.2,741.6,88.9,0.000980530311808692,1778.08,50.5858412272613,1.0507012697547,36941.78,29300,74.4,0.3125,1.5,0.125,81.7,0.089,840916,4813855.5067,6.60882349851888,4.48762462213305,0.412109650826833,10.5170987095365,0.015625,0.001953125,0.000244140625
2019,"AT13","Wien",4.98527300713402,46200,99.9,0,4808.9,0.0066714413928709,4783.99,47.1298933926375,1.07661170268371,37613.67,26700,67.1,0.4065,1.35,0.275,81.1,0.08,654610,3263409.5632,-4.60517018598809,8.47822572619299,0.307484699747961,10.5351230929952,0.075625,0.020796875,0.005719140625
2019,"AT21","Kärnten",5.59767288555412,33700,104.8,234.6,59.9,0.00144907523239646,1717.66,51.4228938879366,1.07241733850505,11549.33,26200,72.2,0.2985,1.4,0.174,82.2,0.108,220838,1236178.8847,5.45792456105687,4.09284343609583,0.343589704390077,9.35438357146008,0.030276,0.005268024,0.000916636176
2019,"AT22","Steiermark",5.67038885784228,36000,103.3,577.48,76.6,0.00114721066430964,1703.95,50.138547911588,1.0418278657857,26104.08,27400,74.7,0.291854072963518,1.41,0.176,82.2,0.092,531459,3013579.192,6.35869112622871,4.33872761652873,0.350656871613169,10.1698472860147,0.030976,0.005451776,0.000959512576
2019,"AT31","Oberösterreich",5.54429231203434,40300,103.5,1191.36,126.8,0.00136063151297298,1771.6,49.4043914213404,1.03072113017587,31861.52,29200,77.1,0.3065,1.6,0.116,82.3,0.08,666119,3693158.4506,7.08285918441759,4.84268990324681,0.476234178996372,10.3691546049099,0.013456,0.001560896,0.000181063936
2019,"AT32","Salzburg",5.62603625305342,47000,104.2,389.53,78.9,0.00192573964370734,2666.86,49.2663882331578,1.06535206430827,12045.52,29700,77.2,0.315157578789395,1.58,0.144,82.8,0.079,221882,1248316.1759,5.96496655580175,4.36830796253294,0.46373401623214,9.39644891574137,0.020736,0.002985984,0.000429981696
2019,"AT33","Tirol",5.62348735232505,42100,101.1,430.74,60.4,0.00142628244444129,2200.74,48.746241389782,1.04664018362743,15835.85,29100,76.5,0.288855572213893,1.46,0.163,83,0.086,282123,1586515.1223,6.06552787540804,4.10115465415065,0.385262400790645,9.67003226757063,0.026569,0.004330747,0.000705911761
2019,"AT34","Vorarlberg",5.51651245578628,42000,100.6,188,156.3,0.00290249960431869,2213.31,48.7292576281949,1.03015277405521,8792,31900,77.1,0.273,1.68,0.219,83.3,0.103,142207,784486.6868,5.23649515290469,5.05184121490738,0.524728528934982,9.08159863348044,0.047961,0.010503459,0.002300257521
2019,"BE10","Région de Bruxelles-Capitale/ Brussels Hoofdstedelijk Gewest",3.72013318206187,63400,101.2,0,7526.7,0.00546454382455531,7674.9,45.5333417365092,1.06076949154035,21299.83,24600,56.9,0.4395,1.7066,0.378,81.6,0.114,397299,1478005.1931,-4.60517018598809,8.92621330632632,0.540345590301982,9.96645483993221,0.142884,0.054010152,0.020415837456
2019,"BE21","Prov. Antwerpen",6.193443940365,43400,100.2,825.93,665.8,0.0015406328368084,3427.34,49.7650026751734,1.03064377482982,36594.23,28300,69.3,0.378,1.66272,0.162,83,0.102,1046969,6484343.8088,6.71652213165744,6.50100434455352,0.514451043981031,10.5076461299552,0.026244,0.004251528,0.000688747536
2019,"BE22","Prov. Limburg (BE)",6.49978709293954,29700,99.9,360.58,367.5,0.000958302965783007,2162.39,50.4930214896923,1.01983064566341,16667.57,26000,68.1,0.3515,1.49946,0.129,83.3,0.062,477816,3105702.2696,5.88774157882618,5.90675052916704,0.41175197097298,9.72122079424071,0.016641,0.002146689,0.000276922881
2019,"BE23","Prov. Oost-Vlaanderen",6.39133495300521,33500,98.9,743.66,512.3,0.000937265963813269,2823.01,49.9356316908776,1.04069612048805,31176.12,30000,71.5,0.3925,1.5072,0.132,82.6,0.07,888822,5680759.1156,6.61159738804931,6.23892991056726,0.416866530832607,10.3474080168841,0.017424,0.002299968,0.000303595776
2019,"BE24","Prov. Vlaams-Brabant",6.09064566117311,39900,100.8,145.73,544.7,0.00296885928850217,2774.62,49.9745821253602,1.06112901549018,25314.58,33800,70.1,0.464,1.6009,0.106,83.4,0.052,603677,3676782.7008,4.98182421224214,6.30025354295068,0.476793029021783,10.1391361883416,0.011236,0.001191016,0.000126247696
2019,"BE25","Prov. West-Vlaanderen",6.56593988581667,35700,101.1,897.27,380.8,0.000486022040391757,2602.44,51.7092284999679,1.03146377375034,24247.39,27700,72.4,0.3585,1.58463,0.114,83.2,0.084,694322,4558876.5134,6.79936796496612,5.94230056307661,0.466641734404834,10.0960646741227,0.012996,0.001481544,0.000168896016
2019,"BE31","Prov. Brabant Wallon",4.15896036970447,49600,119.6,48.74,369.7,0.0065772874564029,3208.5,49.5915836793307,1.09013558835428,8423.87,31500,65.2,0.518,1.55482,0.16,83,0.063,199673,830432.0939,3.88670519744386,5.91271891453539,0.447770801402831,9.03882580869811,0.0256,0.004096,0.00065536
2019,"BE32","Prov. Hainaut",3.25154320533771,22800,99.9,385.32,354.8,0.000465471871279722,4361.39,49.3858721389848,1.08208567635114,22299.43,20900,55.7,0.3005,1.6254,0.295,79.6,0.069,597859,1943964.3692,5.95410011000777,5.87158243493114,0.49188742274574,10.0123168450253,0.087025,0.025672375,0.007573350625
2019,"BE33","Prov. Liège",3.40209005377972,26100,100.1,537.63,289.7,0.000677658041237403,4793.32,49.2714451307188,1.06216089912844,18998.66,22700,59,0.35,1.62042,0.253,80.6,0.082,478805,1628937.7282,6.28718919120295,5.66888042264694,0.488837650339446,9.85212425569846,0.064009,0.016194277,0.004097152081
2019,"BE34","Prov. Luxembourg (BE)",3.78817437574791,22500,100.5,165.13,64.6,0.000639615686075257,2782.15,48.4057346519107,1.01823043266894,5180.69,25000,65.3,0.3785,1.76202,0.181,80.6,0.079,112815,427362.8922,5.10679359898928,4.16836919757007,0.572120138800911,8.55269546125873,0.032761,0.005929741,0.001073283121
2019,"BE35","Prov. Namur",3.54730589359683,24500,99.4,182.91,135.9,0.00190223108683865,3435.16,49.1314193512491,1.05761655226964,8742.37,24700,60.8,0.355177588794397,1.53616,0.206,80.3,0.051,228621,810988.6207,5.20904889878985,4.91199290196726,0.435774437695075,9.07593774279243,0.042436,0.008741816,0.001800814096
2019,"BG31","Северозападен",5.50576644291796,10100,116.4,120,39,-0.00150211679338923,672.1,53.5290444482949,1.0770053365963,5172.02,3300,60.2,0.1815,1.90808,0.413,73.7,0.075,191435,1053996.399,4.78757507264335,3.66381802351856,0.651324685706107,8.55102054033896,0.170569,0.070444997,0.029093783761
2019,"BG32","Северен централен",5.50322384646839,11100,109.7,119,53.1,-0.000727737958438983,539.81,52.9067078033158,1.10423186091593,5990.88,3900,69.8,0.2535,1.77018,0.359,74.6,0.086,185864,1022851.197,4.77920752319435,3.97236523443431,0.576714482786853,8.69799526104072,0.128881,0.046268279,0.016610312161
2019,"BG33","Североизточен",5.41235247229182,12900,109.1,142,63.7,0.000721024085914746,763.06,51.064390414721,1.0909684086212,6828.11,3800,67.7,0.217608804402201,1.83009,0.347,75,0.155,206347,1116822.6956,4.95589747765692,4.1543415361284,0.609814483468169,8.82880465845234,0.120409,0.041781923,0.014498327281
2019,"BG34","Югоизточен",5.47393741022362,12600,105,163,52.5,0.000170847208019723,723.59,51.4693493109827,1.09704935820117,7663.73,3700,69.8,0.2016008004002,2.15573,0.366,74.5,0.1,213447,1168395.5184,5.0938115486182,3.96100362764977,0.772757487069264,8.94425539423181,0.133956,0.049027896,0.017944209936
2019,"BG41","Югозападен",5.78188777780486,27900,108.8,54,103.7,0.00144579654803185,950.81,49.6757574096834,1.11552849730068,28664.37,8400,75.8,0.3695,1.53127,0.227,76,0.054,410270,2372135.0986,3.9891692146048,4.64159854260164,0.432606751892353,10.2634105159441,0.051529,0.011697083,0.002655237841
2019,"BG42","Южен централен",5.49701858908623,11600,111.1,224,63.7,0.000360822979986248,391.76,51.6251216814655,1.10083251023,10778.85,3900,69.5,0.213,1.87979,0.377,75.6,0.089,329602,1811828.321,5.41169069371572,4.1543415361284,0.636465711787143,9.28534208747945,0.142129,0.053582633,0.020200652641
2019,"CY00","Κύπρος",5.15099650384557,29100,104.2,238.76,95.7,0.0089119864276589,216.92,46.4963391660404,1.06889251338934,15554.51,16300,70.5,0.423711855927964,1.33,0.223,82.3,0.116,250418,1289902.2425,5.47550074548587,4.56132278620781,0.29266961396282,9.65210655061068,0.049729,0.011089567,0.002472973441
2019,"CZ01","Praha",6.57341918813318,64600,108.3,4.58,2714.3,0.0130342219967111,2404.34,48.77443798022,1.07496290973156,24014.69,16900,79.3,0.433,1.52,0.079,81,0.154,301749,1983522.6666,1.52388002407245,7.90629305642166,0.425267735404344,10.0864214218285,0.006241,0.000493039,3.8950081e-05
2019,"CZ02","Střední Čechy",6.36658567652527,26800,116.8,393.2,128.5,0.00994937677641361,772.35,49.0355393922927,1.04401779398824,20723.46,13700,77.1,0.2185,1.76,0.096,79.4,0.138,267854,1705315.4398,5.97434382029956,4.85600672231905,0.570979546585738,9.93902215339418,0.009216,0.000884736,8.4934656e-05
2019,"CZ03","Jihozápad",6.22899798339567,24500,110,708.66,71.8,0.00231513137161914,713.24,49.7690333225926,1.03438975187424,16513.95,12000,75.4,0.191808191808192,1.72,0.096,79.5,0.173,234999,1463808.2971,6.56338997389158,4.27402374212223,0.548121408509688,9.71196136278721,0.009216,0.000884736,8.4934656e-05
2019,"CZ04","Severozápad",6.1722464757089,20100,102.9,103.92,131.7,0.00078716464299886,876.58,49.3828059814675,1.03328716652324,13855.3,11000,72.4,0.144072036018009,1.71,0.215,77.7,0.159,166913,1030228.176,4.64371759560033,4.88060253601096,0.542324290825362,9.53642383164078,0.046225,0.009938375,0.002136750625
2019,"CZ05","Severovýchod",6.2875073024948,23800,113.2,617.44,123.7,0.00077497221006678,550.59,49.7634705477763,1.04364055880071,20199.28,11800,74.8,0.1895,1.76,0.129,79.7,0.151,300144,1887157.5918,6.42559809356383,4.81794011687474,0.570979546585738,9.91340273425672,0.016641,0.002146689,0.000276922881
2019,"CZ06","Jihovýchod",6.19969144657582,26300,107.7,772.37,124,0.00170521280928991,703.79,49.6113568810281,1.04886753034616,23390.25,12300,74.9,0.2455,1.77,0.125,79.9,0.152,341980,2120170.4809,6.6494766568996,4.82036220751468,0.576613364303994,10.0600749753779,0.015625,0.001953125,0.000244140625
2019,"CZ07","Střední Morava",6.21749639067747,23600,110.1,367.51,133.2,5.44902171881592e-05,504.2,49.9276241091677,1.06153015145056,15481,11100,73.8,0.1895,1.67,0.129,79.3,0.165,231096,1436838.5459,5.90677773894079,4.89192683036337,0.518793793415168,9.64736939049336,0.016641,0.002146689,0.000276922881
2019,"CZ08","Moravskoslezsko",6.04133566370174,22800,102.2,188.12,226.2,-0.00115100236931968,1019.94,49.5600315291538,1.05840349190526,15041.78,10900,72.7,0.193096548274137,1.66,0.149,77.9,0.11,199668,1206261.4093,5.23713321322304,5.42146377136974,0.512823626428664,9.61858760637944,0.022201,0.003307949,0.000492884401
2019,"DE11","Stuttgart",5.09817567522778,48300,99.7,699.16,393.3,0.000206106144651845,1251.49,49.9111151248521,1.01583557595905,98339.91,34500,79.5,0.32,1.58,0.133,82.6,0.095,1562880,7967836.7993,6.54989391724234,5.97459810499808,0.46373401623214,11.4961853274614,0.017689,0.002352637,0.000312900721
2019,"DE12","Karlsruhe",5.05116668936251,41700,102.8,162.91,409.3,0.000605923168823026,1512.91,49.9308393105376,1.02603384511935,63237.74,31900,77.8,0.306846576711644,1.51,0.145,81.8,0.087,1073618,5423023.4787,5.09325928278021,6.0144728151569,0.418710334858185,11.0546567119428,0.021025,0.003048625,0.000442050625
2019,"DE13","Freiburg",4.95272330086542,36200,102.8,398.26,244.9,0.000156154087919797,1443.97,50.3246145858764,1.04378145007806,52256.16,31600,79.5,0.288,1.6,0.135,82.3,0.09,874607,4331686.468,5.98713016724043,5.50089079611754,0.476234178996372,10.8639132489798,0.018225,0.002460375,0.000332150625
2019,"DE14","Tübingen",5.08523805948289,41200,104.9,1133.78,214.2,0.00035855495832118,1147.1,49.9203709071722,1.02535327961961,43083.87,32700,79.8,0.296,1.61,0.141,82.4,0.079,744214,3784505.3572,7.03332128195362,5.36695684226472,0.482426149244293,10.6709041922101,0.019881,0.002803221,0.000395254161
2019,"DE21","Oberbayern",5.60053436634712,55300,101.7,2503.47,273.4,0.000417983884018174,1110.91,49.3978911598852,1.03590602536197,124419,40500,81.2,0.379310344827586,1.52,0.148,82.8,0.08,1720887,9637886.7841,7.82543704292243,5.61097250006572,0.425267735404344,11.7314102611172,0.021904,0.003241792,0.000479785216
2019,"DE22","Niederbayern",6.50002211816239,36700,101.6,1005.9,121,0.000327412099429236,831.3,50.3529803263594,1.00469584190151,27485.01,30400,80.1,0.214107053526763,1.56,0.209,81.4,0.1,436501,2837266.1546,6.91364788343694,4.79587318680996,0.451075619360217,10.2213964079641,0.043681,0.009129329,0.001908029761
2019,"DE23","Oberpfalz",6.16094683066882,39700,101.1,1187.49,115.2,0.000298788352449703,1000.49,50.1718302033917,1.01653083824306,24157.1,30300,79.3,0.2455,1.59,0.173,81.3,0.1,413084,2544988.5606,7.0796055359088,4.74675655004996,0.470003629245736,10.0923340256885,0.029929,0.005177717,0.000895745041
2019,"DE24","Oberfranken",5.92691207340882,35700,103.5,632.02,147.8,0.000184889774641783,964.52,51.3981501545592,1.04386416840659,22951.93,28500,79.8,0.245,1.52,0.187,81.2,0.052,409760,2428611.4912,6.4489368613747,4.99592766522398,0.425267735404344,10.0411577435065,0.034969,0.006539203,0.001222830961
2019,"DE25","Mittelfranken",5.5332235332913,42400,103.9,768.89,245.7,0.000474483650988104,1324.78,50.1650863971545,1.04604252270593,39793.05,31900,77.7,0.288,1.54,0.184,81.3,0.091,655021,3624377.612,6.64496092203813,5.50415197873961,0.438254930931155,10.5914478042087,0.033856,0.006229504,0.001146228736
2019,"DE26","Unterfranken",5.79090004083438,38000,102.2,212.15,155.1,0.000213365594190784,883.29,51.0072657154015,1.03017702290971,28955.44,30100,78.9,0.269865067466267,1.56,0.175,82.1,0.086,528966,3063189.231,5.3573407069975,5.04413454263666,0.451075619360217,10.2735137208964,0.030625,0.005359375,0.000937890625
2019,"DE27","Schwaben",5.90594641527051,37300,102,1994.42,191.5,0.000221813462595745,947.73,50.3223581403346,1.02120840819815,42885.69,31400,79.9,0.259870064967516,1.63,0.163,82.1,0.102,657581,3883638.1497,7.59811357421415,5.25494002657847,0.494696241836107,10.6662937160149,0.026569,0.004330747,0.000705911761
2019,"DE30","Berlin",4.27370510878236,38900,104.7,1.02,4322.9,0.00437743804505345,5004.74,48.7530684370762,1.05070031970385,71150.95,26400,74.9,0.407703851925963,1.41,0.193,81.5,0.069,1261142,5389749.0083,0.0295588022415444,8.37168406557513,0.350656871613169,11.1725590960482,0.037249,0.007189057,0.001387488001
2019,"DE40","Brandenburg",5.08053790039242,27400,102.9,852.545277777778,86.7,0.000297409929078051,1848.6,53.6263431485209,1.04269818026878,49477.17,24000,78.1,0.272863568215892,1.59,0.17,81.2,0.03,1007855,5120445.5256,6.74823804902359,4.46256921738907,0.470003629245736,10.8092668321579,0.0289,0.004913,0.00083521
2019,"DE50","Bremen",4.45328919088719,44100,96.9,27.12,1744.5,0.00365406204126203,3917.94,49.7962401656604,1.03758991909949,13544.77,26200,71.9,0.264735264735265,1.6,0.265,80.7,0.088,261039,1162482.1571,3.30064012667084,7.46422899291192,0.476234178996372,9.51375651223151,0.070225,0.018609625,0.004931550625
2019,"DE60","Hamburg",4.25125531663381,61300,100.4,7.51,2597.5,0.00309421300156041,4290.56,48.2742620461315,1.06179014303299,42453.09,34200,76.9,0.3485,1.46,0.237,81.5,0.062,697904,2966968.0905,2.01756613796175,7.8623085728216,0.385262400790645,10.6561552161638,0.056169,0.013312053,0.003154956561
2019,"DE71","Darmstadt",4.80229405966831,48000,100.1,196.93,542.2,0.00018046598443367,1821.36,49.9867719989606,1.0461555276717,91784.46,33700,76.3,0.324,1.55,0.135,82.1,0.098,1411369,6777808.9647,5.28289911381966,6.29565338027331,0.444685821261446,11.4271983901841,0.018225,0.002460375,0.000332150625
2019,"DE72","Gießen",4.91599395811195,32300,104.7,253.55,194.9,0.00272152725176531,1273.51,50.2049460273022,1.04052083284953,21472.97,27200,73.7,0.266,1.45,0.171,81,0.105,382066,1878234.1476,5.53560048141597,5.27253791356055,0.378436435720245,9.97455067956447,0.029241,0.005000211,0.000855036081
2019,"DE73","Kassel",4.89030225856124,34300,102.9,542.5,147.5,0.000283410596942782,1478.17,51.5651489481307,1.03279768281554,25023.29,26300,77,0.239880059970015,1.58,0.153,81.3,0.085,461090,2254869.4684,6.29620651842445,4.99389597009196,0.46373401623214,10.127562669808,0.023409,0.003581577,0.000547981281
2019,"DE80","Mecklenburg-Vorpommern",5.06145898523203,26800,105.1,1486.96,71.3,0.000565521165142606,1630.94,53.3145033483124,1.04204739529277,30264.71,21600,74.9,0.246,1.54,0.232,80.3,0.033,650868,3294341.6868,7.30449577140795,4.26703657004021,0.438254930931155,10.3177379566722,0.053824,0.012487168,0.002897022976
2019,"DE91","Braunschweig",4.78258885259152,46400,117.8,183.13,197.3,0.00138298418738639,1776.42,51.3407055906574,1.03406333767734,33212.33,28000,74.4,0.272,1.55,0.181,80.6,0.084,653246,3124207.0376,5.21025088767959,5.28477609598137,0.444685821261446,10.4106767725932,0.032761,0.005929741,0.001073283121
2019,"DE92","Hannover",4.72988698940562,36100,102.7,612.2,239,0.000474317312499863,2204.8,51.2499930541587,1.05658106902017,43968.69,27500,75.3,0.264132066033017,1.53,0.176,81,0.069,901327,4263174.8505,6.4170753609091,5.47650539206038,0.431782416425538,10.6912332961249,0.030976,0.005451776,0.000959512576
2019,"DE93","Lüneburg",4.86850225685158,26600,101.2,2838.67,111.4,0.000151766776609204,1751.29,51.916607309767,1.0445524037576,36559.28,28500,77.7,0.223,1.68,0.162,80.9,0.079,759022,3695300.32,7.95109443437509,4.71321709007123,0.524728528934982,10.5066906052482,0.026244,0.004251528,0.000688747536
2019,"DE94","Weser-Ems",4.84811236700898,33400,101.2,3608.83,169.8,0.000334229226837893,1647.67,50.3901225296386,1.02868960772959,51400.34,27000,76.5,0.211605802901451,1.66,0.171,81,0.099,1059658,5137341.0546,8.19114167004961,5.13468016495821,0.512823626428664,10.8474002607586,0.029241,0.005000211,0.000855036081
2019,"DEA1","Düsseldorf",4.82418389255446,38500,100.5,1061.79,1006.7,0.000220709488761295,2548.52,51.0000992214911,1.0713496527339,107995.6,28500,72.5,0.2475,1.55,0.205,80.7,0.109,1971194,9509402.3439,6.96772086014957,6.91444286713195,0.444685821261446,11.5898458571321,0.042025,0.008615125,0.001766100625
2019,"DEA2","Köln",4.7386827133832,39500,99.1,656.69,613.4,0.000224750205219848,2601.24,49.9434003586351,1.058509917418,94356.4,29800,73.6,0.28735632183908,1.5,0.197,81.3,0.08,1842003,8728667.7741,6.48722729319693,6.41903355412307,0.412109650826833,11.4548344870157,0.038809,0.007645373,0.001506138481
2019,"DEA3","Münster",4.85499021566414,31500,102.2,906.14,380.1,0.000448392934271446,2028.68,50.5077037332522,1.05176081438372,53563.27,27100,74.7,0.238,1.62,0.184,81.1,0.087,1125871,5466092.6891,6.80920485525286,5.94046068451522,0.488580014818671,10.8886190376612,0.033856,0.006229504,0.001146228736
2019,"DEA4","Detmold",4.84383160948941,35800,101,478.9,316.3,0.000518974041191021,1598.09,50.6796450424642,1.04588861209277,43890.2,28300,76,0.223,1.66,0.155,81.6,0.103,842497,4080913.5995,6.17151268831661,5.7567227453667,0.512823626428664,10.6894465673598,0.024025,0.003723875,0.000577200625
2019,"DEA5","Arnsberg",4.86410274311335,32600,100.7,533.82,449.1,0.00043382717068257,2299.9,51.0397001014847,1.05261111449583,72662.83,26700,72.8,0.215,1.58,0.185,80.4,0.093,1402895,6823825.4178,6.2800774362155,6.10726784660153,0.46373401623214,11.193585391166,0.034225,0.006331625,0.001171350625
2019,"DEB1","Koblenz",5.11595285119497,31400,102,270.89,186.7,0.000141614143831752,1387.21,51.7924472967599,1.04113969864614,31570.35,27800,77.5,0.2455,1.62,0.198,81.1,0.102,642485,3286922.9676,5.60174974909105,5.22955661097724,0.488580014818671,10.3599739847179,0.039204,0.007762392,0.001536953616
2019,"DEB2","Trier",4.98492585474513,28400,102.4,474.98,108.5,0.00290929507328272,1379.84,50.6446997508483,1.02406198650967,11058.82,28400,79.6,0.273,1.49,0.214,81.7,0.075,231648,1154748.1044,6.16329375118145,4.68684233463212,0.405465108108164,9.31098448286208,0.045796,0.009800344,0.002097273616
2019,"DEB3","Rheinhessen-Pfalz",5.07595393506962,34500,98.3,90.92,303.2,0.000107517857931558,1752.12,50.8129026417302,1.04652436076956,44159.24,29900,74.9,0.279,1.54,0.165,81.3,0.095,851281,4321063.1418,4.51008997973782,5.71442563475468,0.438254930931155,10.6955576971111,0.027225,0.004492125,0.000741200625
2019,"DEC0","Saarland",4.99370024137429,32900,96.6,95.31,385.5,0.000928182119194248,2365.96,52.1804780277478,1.05621566092898,19353.75,25000,73.6,0.2345,1.45,0.216,80.2,0.089,439152,2192993.4484,4.55723965223054,5.95456713300416,0.378436435720245,9.87064199482664,0.046656,0.010077696,0.002176782336
2019,"DED2","Dresden",5.7854335404189,29600,102.1,804.71,205.6,0.00153234605800088,1988.8,53.2845104181056,1.03554302476688,30724.19,22300,79.5,0.296851574212894,1.6,0.166,81.9,0.044,698584,4041611.3044,6.69049439082608,5.32598117053051,0.476234178996372,10.3328058966665,0.027556,0.004574296,0.000759333136
2019,"DED4","Chemnitz",5.75820267220795,26800,103.1,599.74,219.9,0.000417322693640012,1435.23,54.9558340466554,1.05141023940747,27495.15,20800,78.9,0.241379310344828,1.68,0.183,80.8,0.039,608523,3503998.7647,6.3965129017198,5.39321837174276,0.524728528934982,10.2217652681648,0.033489,0.006128487,0.001121513121
2019,"DED5","Leipzig",5.15069574989083,31100,104,276.14,268.4,0.000467661110426531,3438.16,51.0591369673549,1.05055472361938,19848.79,23400,77.3,0.320339830084957,1.42,0.202,81,0.032,414507,2134999.4432,5.6209441963472,5.59251566222761,0.357674444271816,9.89589883088745,0.040804,0.008242408,0.001664966416
2019,"DEE0","Sachsen-Anhalt",5.2440080943674,26600,103.7,852.545277777778,108.7,0.00039972193435685,2368.3,53.9130031590099,1.0484961311709,40798.29,20800,75.7,0.2175,1.56,0.186,80,0.036,824734,4324911.7717,6.74823804902359,4.68868378621591,0.451075619360217,10.6163956928575,0.034596,0.006434856,0.001196883216
2019,"DEF0","Schleswig-Holstein",4.65374990867546,31100,102.4,3044.86,188.2,0.000185224259842545,2170,51.7400228562756,1.05945600233744,63162.57,28500,77.4,0.23,1.54,0.208,80.9,0.088,1205043,5607968.7512,8.02121348629338,5.23755836070247,0.438254930931155,11.0534673161737,0.043264,0.008998912,0.001871773696
2019,"DEG0","Thüringen",5.41893000574488,27000,102.5,939.87,132.4,0.00020195659457275,1426.82,53.5268033697362,1.03409509087513,40198.92,21800,77.6,0.267633816908454,1.56,0.193,80.7,0.026,892969,4838936.5083,6.8457522075404,4.88590316935167,0.451075619360217,10.6015956573375,0.037249,0.007189057,0.001387488001
2019,"DK01","Hovedstaden",4.75054782961658,50900,105.3,79,756,-0.000873302569531546,6518.45,47.2597617048608,1.06017765106438,31990.05,37000,76.8,0.4835,1.66,0.175,81.5,0.056,780968,3710025.8374,4.36957442673464,6.62805460360528,0.512823626428664,10.3731805085279,0.030625,0.005359375,0.000937890625
2019,"DK02","Sjælland",5.28170564078959,27500,103.1,152,118.3,0.00213410739327566,3960.5,51.6084372957416,1.02208941743188,13646.28,30300,73.6,0.27736131934033,1.76,0.123,80.8,0.1,360641,1904799.604,5.02394630815593,4.77330829826557,0.570979546585738,9.52122296879839,0.015129,0.001860867,0.000228886641
2019,"DK03","Syddanmark",5.40877234606448,35300,100.4,2190,102,-0.000441493624599208,3920.38,50.4566763532734,1.01043397191185,19343.56,29000,73.9,0.302848575712144,1.73,0.166,81.5,0.069,523336,2830605.2845,7.69166138901017,4.62507084769443,0.553885113226438,9.87011534349253,0.027556,0.004574296,0.000759333136
2019,"DK04","Midtjylland",5.28857288647703,36400,106.6,1853,103.7,7.31928862164284e-05,3580.29,48.7493214318765,1.00848298803529,21225.69,30700,75.3,0.357321339330335,1.75,0.163,82,0.086,587467,3106862.0479,7.52456662292487,4.64159854260164,0.56531380905006,9.96296799061216,0.026569,0.004330747,0.000705911761
2019,"DK05","Nordjylland",5.46596614396553,32900,100.5,1342,76.4,0.000149214504328068,3137.75,50.1392170250313,0.987395203580614,9348.32,28700,72.8,0.2895,1.75,0.177,81.3,0.064,250685,1370235.7228,7.20192376906869,4.33611357765948,0.56531380905006,9.14295299670447,0.031329,0.005545233,0.000981506241
2019,"EE00","Eesti",5.83843036538139,25900,111.9,820.8,30.5,0.00246582925206714,1037.81,49.8079957617062,1.16245890741717,16834.04,12000,74.8,0.371,1.66,0.243,79,0.075,286112,1670444.9887,6.71029165757816,3.41805449872858,0.512823626428664,9.73115889994651,0.059049,0.014348907,0.003486784401
2019,"EL30","Aττική",4.73204086812431,28300,93.5,8.19,987.5,-0.000493299597132644,2242.54,50.585131826261,1.14358636747931,51226.74,13400,57.6,0.375312343828086,1.35,0.248,81.2,0.178,1182227,5594346.4794,2.10413415427021,6.89518662330628,0.307484699747961,10.8440171355299,0.061504,0.015252992,0.003782742016
2019,"EL41","Βόρειο Αιγαίο",4.59080419138704,13500,94.8,2.98,59.3,0.00935764262568797,290.82,49.7798607694439,0.92483699260888,2405.71,9300,60.4,0.258129064532266,1.6,0.355,82.7,0.211,72983,335050.6623,1.0952733874026,4.08277792585064,0.476234178996372,7.7856045140351,0.126025,0.044738875,0.015882300625
2019,"EL42","Νότιο Αιγαίο",4.91106897217929,22100,87.5,22.15,66.1,0.00387305812473648,875.8,49.0962065572937,1.02011690245172,5223.67,14300,60.5,0.208395802098951,1.62,0.345,82.3,0.219,116460,571943.0925,3.09828886187908,4.19132002134549,0.488580014818671,8.56095741333733,0.119025,0.041063625,0.014166950625
2019,"EL43","Κρήτη",4.47617079231769,17500,93.1,1.07,76.5,0.00101505338030069,518.79,49.6694893020487,1.07300858017225,7337.7,10600,61.8,0.2445,1.54,0.316,82.1,0.172,220038,984927.6688,0.0769610411361284,4.33742145124376,0.438254930931155,8.90078208382902,0.099856,0.031554496,0.009971220736
2019,"EL51","Aνατολική Μακεδονία, Θράκη",5.04845115634162,13900,98.1,104.32,42.8,0.000992862676033759,422.85,51.2166343129127,1.03303784966248,6363.61,9000,56.6,0.223,1.3,0.352,81.1,0.212,188958,953945.2336,4.64755895247988,3.75677172015685,0.27002713721306,8.75835267680125,0.123904,0.043614208,0.015352201216
2019,"EL52","Κεντρική Μακεδονία",4.98459863298387,16100,95.3,312.53,101.2,-1.4048451896842e-05,1526.82,51.284042244707,1.1018719118206,21504.68,10000,53.7,0.293,1.27,0.317,81.7,0.2,615428,3067661.5675,5.74473246098515,4.61719756620081,0.246860077931526,9.97602632986167,0.100489,0.031855013,0.010098039121
2019,"EL53","Δυτική Μακεδονία",4.85746889555921,17700,83.4,31.93,28.8,-0.000841238201918419,185.76,52.6051958655589,1.05069043873449,3236.64,10400,50.6,0.252126063031516,1.26,0.348,82.5,0.241,121600,590668.2177,3.46385914278687,3.36072254909644,0.2390169004705,8.08229412327342,0.121104,0.042144192,0.014666178816
2019,"EL54","Ήπειρος",4.64854141846306,14300,97.5,19.56,36.8,0.000875755463441277,267.62,53.3444793560761,1.06075338598382,3832.52,9700,55.1,0.296648324162081,1.24,0.276,84,0.166,151925,706229.655,2.97399778140798,3.60576954739093,0.22314355131421,8.25128043850398,0.076176,0.021024576,0.005802782976
2019,"EL61","Θεσσαλία",4.7684127031983,15700,97.2,107.54,51.4,0.000195647269954259,255.49,52.3966822627243,1.06998081719445,7804.42,9200,54.8,0.2995,1.28,0.28,82.3,0.216,298846,1425021.0627,4.67795585571374,3.93983270606741,0.254642218373581,8.9624468001738,0.0784,0.021952,0.00614656
2019,"EL62","Ιόνια Νησιά",4.48694385157449,19100,91.5,0.79,89.4,0.000996468765912149,560.17,52.2173091211698,1.06279044104123,3112.25,13700,59.8,0.23311655827914,1.55,0.257,81.4,0.207,76914,345108.7994,-0.22314355131421,4.49323253274723,0.444685821261446,8.04310442936622,0.066049,0.016974593,0.004362470401
2019,"EL63","Δυτική Ελλάδα",4.53934372213282,14800,95.8,17.56,59.2,-0.000781494285680441,1056.34,51.0405318816949,1.04504739247007,6720.76,8700,49.7,0.189594797398699,1.32,0.409,81.5,0.22,276535,1255287.4162,2.86619290219901,4.08109044654368,0.285178942233662,8.81295801028636,0.167281,0.068417929,0.027982932961
2019,"EL64","Στερεά Ελλάδα",4.70801345159109,18500,102.9,24.01,36.1,0.0013218375608786,544.1,51.936929341878,1.00670177742793,5811.71,9100,55.7,0.219109554777389,1.12,0.295,81.8,0.308,218844,1030320.4958,3.17888681665184,3.58656983528937,0.122217632724249,8.66763184734246,0.087025,0.025672375,0.007573350625
2019,"EL65","Πελοπόννησος",4.99132342514659,17200,98.7,6.76,37.1,0.00145259327478867,720.87,52.9148238566712,1.01659710845606,6397.05,9700,61.9,0.227113556778389,1.32,0.364,82.1,0.233,246769,1231703.8903,1.91250108692418,3.61388647507251,0.285178942233662,8.76359378880274,0.132496,0.048228544,0.017555190016
2019,"ES11","Galicia",4.89202079590033,25600,102.5,2899.76,92,0.0017413226923559,728.54,53.0392775815431,1.09872208500869,41234.02,15000,63.8,0.3655,1.01814,0.243,84,0.072,1274054,6232698.6631,7.97238670248451,4.52189726679427,0.0277513445308251,10.6270191652852,0.059049,0.014348907,0.003486784401
2019,"ES12","Principado de Asturias",4.67304537700346,25000,100.1,581.57,96.6,0.00353804178100363,659.93,53.7204829796378,1.11768036176266,17000.11,15100,59.4,0.416791604197901,0.95664,0.246,83.2,0.066,418776,1956959.2508,6.36574853773257,4.57068225552942,-0.0339291382630842,9.74097568183697,0.060516,0.014886936,0.003662186256
2019,"ES13","Cantabria",5.20990802993552,26200,101.2,457.04,110.5,0.00505336011505372,956.26,51.8899385865496,1.07949256804472,9438.23,16000,64.2,0.403,1.06379,0.194,83.9,0.117,251073,1308067.2388,6.12479279409983,4.70510601460069,0.0711944462417913,9.15252480107936,0.037636,0.007301384,0.001416468496
2019,"ES21","País Vasco",3.57373738970912,36500,101.6,186.35,303.7,0.00292196250168797,1367.21,52.0669780783834,1.08117639842983,45873.54,21600,67.3,0.487,1.24932,0.144,84.5,0.066,669933,2394164.6107,5.2276802869486,5.71607329874043,0.230571892742666,10.7336439772279,0.020736,0.002985984,0.000429981696
2019,"ES22","Comunidad Foral de Navarra",4.43894080351702,34400,100.3,249.42,63.1,0.0104948398966294,1024.4,50.4570815248604,1.03602674497957,12296.2,20200,68,0.4485,1.38361,0.117,85,0.097,267499,1187412.226,5.51917831470469,4.14487923559615,0.331897502750517,9.41704636379738,0.013689,0.001601613,0.000187388721
2019,"ES23","La Rioja",5.26679898449221,30200,99.7,24.24,62.6,0.00551323397696595,760.28,51.3027977734275,1.0444160746873,5230.87,17500,68.7,0.367,1.30172,0.152,84.2,0.081,132643,698604.0177,3.18841661738349,4.13692500975722,0.271339253111607,8.56233480294308,0.023104,0.003511808,0.000533794816
2019,"ES24","Aragón",5.02521531267987,30900,98.6,160.4,27.9,0.00422450033161214,789.04,51.4841359463791,1.04102571728091,22908.79,18100,68.8,0.375812093953023,1.25335,0.211,84.4,0.127,505581,2540653.383,5.07773303762875,3.32898504754823,0.233766922951341,10.0392763952019,0.044521,0.009393931,0.001982119441
2019,"ES30","Comunidad de Madrid",5.08637445805994,39000,103.8,64.26,839.7,0.0157615247206213,1458.54,49.3068242849343,1.11962576494587,136460.62,23800,69,0.4675,1.21957,0.19,85.8,0.089,2497970,12705610.805,4.16309295938319,6.73305659413373,0.206664514766339,11.8237914270963,0.0361,0.006859,0.00130321
2019,"ES41","Castilla y León",5.38815497042934,26800,100.6,936.4,25.6,0.000267803351199289,756.21,53.4402216285685,1.0419888318283,39084.29,15800,65.5,0.369315342328836,1.12497,0.167,84.7,0.129,1090439,5875454.3178,6.84205341475666,3.24298290021143,0.12660621886598,10.57347613081,0.027889,0.004657463,0.000777796321
2019,"ES42","Castilla-La Mancha",5.28147781714923,22400,100.6,269.12,25.8,0.000317825852465147,1053.03,50.0455269141016,1.00729237034548,27829.19,13900,60.8,0.287,1.24287,0.307,83.9,0.19,900822,4757671.4102,5.5951945342393,3.25076201373052,0.225436919533818,10.2338411081492,0.094249,0.028934443,0.008882874001
2019,"ES43","Extremadura",5.06049192564652,20700,98.8,28.32,26,-0.000373134981488335,674.28,50.831974005093,1.03010617395387,13497.34,12100,55.7,0.258,1.2167,0.377,83.1,0.188,508759,2574570.8116,3.34392131384243,3.25848107946056,0.204327637056569,9.51024864886159,0.142129,0.053582633,0.020200652641
2019,"ES51","Cataluña",3.6714491430807,33700,99.9,752.85,238.1,0.00832499632155677,2314.62,49.8252451507785,1.05864529374751,139513.94,20200,68.6,0.404,1.26909,0.188,84.3,0.083,2016701,7404215.1583,6.62387928753931,5.47273275177089,0.246148887595621,11.8459198752439,0.035344,0.006644672,0.001249198336
2019,"ES52","Comunidad Valenciana",5.10459924789469,24900,99.9,85.3,216.2,0.00423830709825973,1441.75,50.1554691235157,1.04782535070275,72725.17,15000,63.3,0.3525,1.23134,0.27,83.5,0.149,1689657,8625021.8514,4.4462916809206,5.37625015760446,0.21619144130157,11.1944429584377,0.0729,0.019683,0.00531441
2019,"ES53","Illes Balears",4.98557001419031,30500,99.8,69.95,241.2,0.0133168261857632,1832.33,47.8785602540158,1.01527161321531,19670.86,18700,67.6,0.3045,1.17358,0.151,84.2,0.111,307252,1531826.358,4.2479236501504,5.48566792336343,0.168543743800611,9.88689414019656,0.022801,0.003442951,0.000519885601
2019,"ES61","Andalucía",4.90611126835703,21000,99,574.92,97.4,0.000845144053786427,1129.97,48.9628336371614,1.04697426725348,108775.41,12900,54.8,0.297,1.30586,0.377,82.6,0.161,3132178,15366813.7803,6.35424829425611,4.57892887478286,0.274490444265332,11.5970406687628,0.142129,0.053582633,0.020200652641
2019,"ES62","Región de Murcia",5.63249468581231,23300,98.2,68.44,132.4,0.00702066368405806,1423.18,48.153249389778,1.0122109258875,20101.45,14100,60.9,0.298149074537269,1.49064,0.319,82.9,0.173,526421,2965063.485,4.22610355173446,4.88590316935167,0.405891683778491,9.90854772822516,0.101761,0.032461759,0.010355301121
2019,"ES63","Ciudad Autónoma de Ceuta",6.10670401869159,22600,102.9,0,4222.9,-0.0017511488241447,1217.75,45.8908921210236,0.975629244906113,1210.2,14300,49.9,0.2095,1.48046,0.459,81.4,0.181,27820,169888.5058,-4.60517018598809,8.34827974284324,0.399084797143878,7.09854917725109,0.210681,0.096702579,0.044386483761
2019,"ES64","Ciudad Autónoma de Melilla",6.16939113953274,20700,100.9,0,6041.5,-0.000960948444537066,1707.43,45.0296131189301,0.971313790722491,1084.87,13200,49.7,0.286,2.0991,0.385,81.4,0.195,21658,133616.6733,-4.60517018598809,8.70640925968407,0.746261316209432,6.98922466077969,0.148225,0.057066625,0.021970650625
2019,"ES70","Canarias",4.58351675714868,22900,98.3,52.04,299.4,0.00607240030897459,1118.57,48.2700730494767,1.03144211853378,29512.6,14100,57.2,0.3155,0.96995,0.35,83.5,0.099,554438,2541275.8638,3.95220479506098,5.70181387156136,-0.020253729027268,10.292572908621,0.1225,0.042875,0.01500625
2019,"FI19","Länsi-Suomi",5.27549181144897,30000,102.2,683.84,23.7,0.000767531180185441,2736.51,50.9334995164467,1.02874152665108,22603.86,22900,72.8,0.400299850074963,1.4,0.156,82.3,0.034,373204,1968834.646,6.52773859532756,3.16589690007731,0.343589704390077,10.0258764095387,0.024336,0.003796416,0.000592240896
2019,"FI1B","Helsinki-Uusimaa",5.10363667052258,44700,101.3,66.34,184.7,0.00782214977163703,3962.6,47.8732195804196,1.07459007260775,32676.59,30800,75.3,0.496248124062031,1.28,0.101,82.6,0.047,530786,2708938.8938,4.19494376077822,5.21878702759123,0.254642218373581,10.3944145043938,0.010201,0.001030301,0.000104060401
2019,"FI1C","Etelä-Suomi",5.27276612777549,30300,104.4,286.61,36.6,0.000705178797726509,2887.79,51.9580334896634,1.05365978354116,19626.36,23400,72.4,0.391304347826087,1.3,0.163,81.7,0.003,325978,1718805.7568,5.65815729662993,3.60032142713214,0.27002713721306,9.88462934913128,0.026569,0.004330747,0.000705911761
2019,"FI1D","Pohjois- ja Itä-Suomi",5.2527432737496,28300,104.4,1320.42,6.3,-4.85780173548779e-05,2626.73,51.6538840267349,1.01162598189783,20897.87,21900,70,0.369315342328836,1.44,0.19,81.5,0.015,335774,1763734.62,7.18571272010869,1.84213567655312,0.371563556432483,9.94740299740129,0.0361,0.006859,0.00130321
2019,"FI20","Åland",3.86537599792639,35900,93.7,17.17,19.2,0.00956728993923932,2047.73,51.2728833431036,1.01859521595808,565.94,28800,81.5,0.3255,1.57,0.156,83.9,0.053,1929,7456.3103,2.84374591655611,2.95543097678047,0.457424847038875,6.33850573507843,0.024336,0.003796416,0.000592240896
2019,"FR10","Ile-de-France",5.65023972542493,56700,104.2,42.43,1026.8,-0.000520261633689072,5067.61,47.1397814315992,1.10691276750042,262757.68,33200,68.3,0.4835,1.93,0.194131641898028,84.6,0.073,2244195,12680239.7406,3.74809131374578,6.9342121879445,0.662687973075237,12.4789875556753,0.0376870943860243,0.00731625751152487,0.00142031708326111
2019,"FRB0","Centre - Val de Loire",6.53891773587644,27000,102.9,437.62,65.4,-1.19693964755565e-06,2282.81,51.8099018490012,1.09134123145874,46751.8,21300,66.7,0.298850574712644,1.88,0.163891705025236,82.7,0.06,578714,3784163.2386,6.08137380451662,4.18067515197312,0.636576829071551,10.7526082505449,0.026860490976079,0.00440221166388455,0.00072148597547602
2019,"FRC1","Bourgogne",6.59302795451436,27000,103.2,344.22,51.3,8.8144168266728e-05,2338.44,52.6232431943426,1.09467128738947,28804.11,20500,67.7,0.304847576211894,1.75,0.175224963735777,82.4,0.073,372777,2457729.1818,5.84131003860805,3.93788566495387,0.56531380905006,10.2682737114481,0.0307037879162043,0.00538007012416789,0.000942722592403254
2019,"FRC2","Franche-Comté",6.44363871555182,24700,102.5,1298.35,72.6,-0.000216624312280989,2011.1,50.9737186789692,1.06507438856878,21243.3,21200,66.4,0.278,1.8,0.156769725982255,82.8,0.094,267975,1726734.0848,7.16885720857857,4.28510265339216,0.593326845277734,9.96379730125582,0.0245767469845514,0.00385288989030334,0.000604016492342657
2019,"FRD1","Basse-Normandie",6.43325049104433,25500,98.8,3151.31,82.6,9.01903240222609e-05,1743.25,52.2319900902278,1.09609847664687,25941.64,20100,66.2,0.266866566716642,1.77,0.157001975387328,82.5,0.047,354245,2278946.8202,8.05557669166279,4.41413073857441,0.576613364303994,10.1636050641744,0.0246496202755233,0.00387003907580469,0.000607603779727487
2019,"FRD2","Haute-Normandie",6.66304453520809,27500,97.8,863.2,151.2,-0.00118672825831918,2619.64,50.2172863703165,1.10582139038841,33045.77,21300,63.1,0.2725,1.88,0.177469108952643,81.8,0.073,434829,2897284.9922,6.76065799867756,5.01866959912458,0.636576829071551,10.4056491518021,0.0314952846324451,0.00558944009992991,0.000991952954078733
2019,"FRE1","Nord-Pas de Calais",6.80835177904346,26700,102.6,1497.88,327.4,-0.00176674927586035,3192.45,48.8264335772232,1.10515920347721,64598.32,19400,58.3,0.3095,1.86,0.23634571867117,81.1,0.094,961275,6544698.3564,7.3118127301393,5.79121320814804,0.625938430866495,11.0759438380434,0.0558592987341918,0.0132021061038001,0.00312026125507568
2019,"FRE2","Picardie",7.0567964568899,24300,101.3,947.28,99.4,-0.000607016889261723,2633.02,49.8793643422609,1.08071249846408,34122.78,20800,62.5,0.265,1.84,0.193158424987447,81.4,0.087,457677,3229733.432,6.85360527650781,4.59925271222405,0.615185639090233,10.4377207684854,0.0373101771436311,0.00720677505306643,0.00139204931848914
2019,"FRF1","Alsace",6.39715649588134,30400,103.7,342.16,230.6,0.000392776100772224,1985.94,49.7153666365833,1.07707963398607,34076.78,23500,68.8,0.341170585292646,1.69,0.165637076853391,83.3,0.048,413970,2648230.8746,5.83530768958463,5.44072797202915,0.53062825106217,10.4363717863662,0.0274356412285363,0.00454435941469314,0.000752714409620959
2019,"FRF2","Champagne-Ardenne",7.08077163766896,27400,103.3,649.18,51.5,-0.000763490740114956,2673.45,50.7777447680361,1.0855413279649,22684.01,20400,61.6,0.259,1.79,0.199510039923579,81.8,0.088,294736,2086958.3094,6.47572543194817,3.94177596357749,0.587786664902119,10.0294159908122,0.039804256030308,0.0079413487097351,0.00158437879812631
2019,"FRF3","Lorraine",6.72022300473943,24000,102.3,1339.42,98.6,-0.000210086530497704,2114.45,50.5715372948144,1.07460530123821,40360.44,20900,64.6,0.316,1.64,0.192578567079335,82,0.088,515885,3466862.2448,7.19999942931381,4.59117267634424,0.500775287912489,10.6056056240585,0.0370865044983301,0.00714206589426974,0.00137540881590466
2019,"FRG0","Pays de la Loire",6.00069545764145,29200,102,3893.02,118.3,0.00115330978016029,3012.67,50.6789520282125,1.08301228608884,66678.21,21200,67.5,0.3325,1.85,0.135815354121827,83.4,0.07,870627,5224367.4842,8.26694305371999,4.77330829826557,0.62057648772511,11.1076336418474,0.0184458104152374,0.00250522427360956,0.00034024792187488
2019,"FRH0","Bretagne",5.87026073196353,27800,103.7,5625.39,122.4,0.00107101857762664,2018.14,51.5778590954509,1.0871911788894,59146.13,20800,67.3,0.3525,1.78,0.132896666155078,82.5,0.038,832965,4889721.7306,8.63504733565546,4.80737606608742,0.582215619852664,10.987766609458,0.0176615238751343,0.00234715764222367,0.00031192942559194
2019,"FRI1","Aquitaine",6.12488793577921,28800,102,418.27,83.9,0.00233478798153215,3266.57,51.6087434618922,1.1141884122473,61804.67,21600,67.1,0.337831084457771,1.64,0.166365516424265,83.4,0.039,832503,5098987.5812,6.03615106473039,4.42974479588198,0.500775287912489,11.0317343687339,0.0276774850551124,0.00460457909451866,0.000766043178975973
2019,"FRI2","Limousin",6.17590163833986,24700,102.8,130.71,42.9,0.000703934402555065,1770.85,53.6639392648593,1.10847642216628,13027.71,19700,66.9,0.31615807903952,1.7,0.190547781020736,82.3,0.054,169745,1048328.4236,4.87305763111169,3.75910489900343,0.536493370514568,9.47483467399445,0.0363084568519262,0.00691849588542166,0.00131830403896819
2019,"FRI3","Poitou-Charentes",6.27442350287445,26600,102.9,550.21,70,0.00105797673763311,2477.43,52.9483992793955,1.10052914610232,32784.12,20000,67.9,0.289855072463768,1.72,0.16704592637992,82.8,0.067,441997,2773276.365,6.31031819824784,4.24863808898911,0.548121408509688,10.3976998358198,0.0279043415201255,0.00466130657925103,0.000778652275671802
2019,"FRJ1","Languedoc-Roussillon",6.62920794303086,24500,101.7,68.06,104.4,0.00185336551294368,3910.02,51.8536205468684,1.12190833616591,47335.82,18800,59.8,0.32616308154077,1.78,0.246001999322524,83.1,0.088,706909,4686246.7578,4.22053658745986,4.64832545630202,0.582215619852664,10.7650227930031,0.0605169836706793,0.0148872989759557,0.00366230531259727
2019,"FRJ2","Midi-Pyrénées",6.06145853626506,30100,102.9,661.01,67.8,0.00135533384627568,3153.2,51.0429387890401,1.08024388285848,54655.6,21900,68,0.422211105552776,1.67,0.180485861163146,83.8,0.07,746228,4523230.0806,6.49378409658003,4.21670967669575,0.518793793415168,10.9088071415841,0.0325751460798025,0.00587935329272844,0.00106114014212047
2019,"FRK1","Auvergne",6.28821591877298,26700,106.4,1173.71,52.6,0.00112661479720378,2230.25,52.4755595001253,1.0875361672874,25232.04,20800,67.4,0.2975,1.73,0.169860153450873,82.5,0.063,301870,1898223.7394,7.0679334710904,3.96290621574272,0.553885113226438,10.1358702908115,0.028852471730354,0.0049008852755549,0.000832465124950877
2019,"FRK2","Rhône-Alpes",6.08275458562887,33200,103.7,1560.29,150.9,0.0002157617045867,3638.7,49.5796262542113,1.08607571866524,123046.21,24200,69.1,0.397,1.87,0.159331846041112,84.1,0.075,1412707,8593149.9824,7.35263338944714,5.01668363263046,0.631271776841858,11.7203153361275,0.0253866371628685,0.00404489976393572,0.000644481346439135
2019,"FRL0","Provence-Alpes-Côte d’Azur",6.75480778749996,30600,101.6,24.87,162.4,0.000359157138439055,4251.42,51.779981000291,1.13035376365175,93340.21,22700,63.4,0.363818090954523,1.96,0.215932844594127,83.4,0.058,1170748,7908177.7076,3.21406426787098,5.09012400218651,0.678033542749897,11.4440063764755,0.0466269933745113,0.0100682993142297,0.00217407651114672
2019,"FRM0","Corse",6.37628038202439,25800,100.6,0,39.6,0.0057763734322075,1644.68,51.9926542940661,1.08566187802109,5777.37,21300,67.3,0.255627813906953,1.41,0.227641779940965,84,0.217,58635,373873.2002,-4.60517018598809,3.67908161163383,0.350656871613169,8.66170557170349,0.0518207799746909,0.0117965745913678,0.00268539323718532
2019,"FRY1","Guadeloupe",5.94107835990888,21700,108.2,0,247,-0.0116550843715805,2801.8,50.7825694554666,1.24646587524644,5827.87,16500,49.8,0.228885557221389,2.3,0.179,81.8,0.102,25023,148663.6038,-4.60517018598809,5.50942882163841,0.837247524533702,8.67040857684917,0.032041,0.005735339,0.001026625681
2019,"FRY2","Martinique",5.45293217157012,22400,104.7,0.23,328.6,-0.0104442152161269,2749.62,52.0818501187029,1.23813874918417,5491.49,18700,57.7,0.242,2,0.345930588071091,82.1,0.024,23011,125477.4222,-1.42711635564015,5.79487163727646,0.698134722070984,8.6109567212284,0.119667971763211,0.0413968118453223,0.0143204234659207
2019,"FRY3","Guyane",5.79721513083049,14300,84.4,0.06,3.4,-0.00342589765618898,3670.59,41.3305268485131,1.08810779003999,2760.77,11400,43.3,0.197901049475262,3.73,0.179,82.4153846153846,0.168,8790,50957.521,-2.65926003693278,1.22671229129543,1.31908561142644,7.92326852748053,0.032041,0.005735339,0.001026625681
2019,"FRY4","La Réunion",6.01893715253258,20600,115.9,18.49,345.7,-0.00563045018055991,1619.99,46.7313998788261,1.14329717469215,12868.28,16700,46.5,0.2095,2.39,0.469657586724255,81.3,0.101,124616,750055.8722,2.91777073208428,5.84560027332436,0.8754687373539,9.46252142462969,0.220578248767652,0.103596248000078,0.048654763829404
2019,"FRY5","Mayotte",7.67086399722896,8900,96,2.4,750.8,-0.000211440802139633,1939.19,37.837895907206,1.18481436496734,1719.28,7600,35.2,0.306334086059483,4.6,0.179,75.9,0.224,14435,110728.9218,0.879626747502564,6.62115262374992,1.52822785700856,7.44966669388829,0.032041,0.005735339,0.001026625681
2019,"HR03","Jadranska Hrvatska",5.66249467199505,20200,102.4,36,56,0.000985038490637441,841,51.1579808595505,1.09161610946173,14516.65,7900,60.3,0.255,1.42,0.22,79.9,0.096,174662,989022.6444,3.58379667766078,4.02553024622174,0.357674444271816,9.58305223437018,0.0484,0.010648,0.00234256
2019,"HU11","Budapest",6.02599226088838,47700,109.8,1.79,3433.8,0.00733991615007986,1104.21,49.1373171268705,1.18308781097114,31054.31,13600,74,0.4475,1.19,0.156,78.7,0.149,559289,3370271.1856,0.587786664902119,8.14142571086439,0.182321556793955,10.3434932081187,0.024336,0.003796416,0.000592240896
2019,"HU12","Pest",6.16993756078031,18100,106.4,149.64,205.1,0.0106776048160603,531.56,48.5007629297682,1.08777248773844,14768.78,9300,72,0.257128564282141,1.63,0.191,76.9,0.161,379646,2342392.1152,5.00829923429871,5.32354642059381,0.494696241836107,9.60027144935305,0.036481,0.006967871,0.001330863361
2019,"HU21","Közép-Dunántúl",6.18992877604247,21100,106.3,298.59,99.1,0.00128192335408292,417.2,49.345110145894,1.07494008618145,12558.34,9300,71.8,0.200100050025012,1.55,0.135,76.2,0.168,324374,2007851.9568,5.69910488510509,4.59623034441862,0.444685821261446,9.43814106196572,0.018225,0.002460375,0.000332150625
2019,"HU22","Nyugat-Dunántúl",6.25850350014391,22200,102,293.45,88.6,0.00286580441121177,543.09,49.628213009354,1.08580502758413,11071.21,8600,73.8,0.206896551724138,1.48,0.163,77.3,0.173,319644,2000493.0928,5.68174134377932,4.48424471805921,0.398776119957368,9.312104227399,0.026569,0.004330747,0.000705911761
2019,"HU23","Dél-Dunántúl",6.16171855509618,15500,109.4,249.23,63.7,0.00059040355570178,639.27,50.2280860896799,1.11767900421458,8692.49,7300,65.4,0.170414792603698,1.58,0.246,76,0.142,257595,1587227.8912,5.51841628767602,4.1543415361284,0.46373401623214,9.07021586388202,0.060516,0.014886936,0.003662186256
2019,"HU31","Észak-Magyarország",6.27780742018646,15200,107.2,138.91,84.4,-0.000930339100846157,760.33,49.3757677876938,1.11249893652002,10229.08,6800,66.1,0.1585,1.83,0.239,74.5,0.167,308375,1935918.8632,4.93389822787587,4.43568587799563,0.609765571620894,9.23299090093233,0.057121,0.013651919,0.003262808641
2019,"HU32","Észak-Alföld",6.2923759089166,14700,108.6,456.78,83.1,-0.000687879808925988,546.11,48.5390491946448,1.08981779283422,13740.08,7100,66.4,0.1775,1.73,0.242,75.5,0.144,378115,2379241.7168,6.12422376668362,4.42016503156493,0.553885113226438,9.52807311597323,0.058564,0.014172488,0.003429742096
2019,"HU33","Dél-Alföld",6.24822763669155,16500,105.6,374.39,68.1,0.000821561516751324,534.55,50.0012306995062,1.10916567265955,12807.14,7800,69.6,0.201,1.55,0.149,76.2,0.149,348211,2175701.5936,5.92532474460344,4.22112404525323,0.444685821261446,9.45775888770229,0.022201,0.003307949,0.000492884401
2019,"ITC1","Piemonte",6.17273212714259,32000,102,864.37,172.3,0.000718499471341158,2031.62,53.2234243197764,1.07941830531622,87192.01,22900,66.1,0.183,1.27,0.167,83.3,0.147,1666790,10288648.1822,6.76201248692868,5.14929518015501,0.246860077931526,11.375868091948,0.027889,0.004657463,0.000777796321
2019,"ITC2","Valle d'Aosta/Vallée d'Aoste",6.44168669729223,39000,100.4,85.33,38.6,0.0016235187381121,817.33,52.5704133388849,1.06507337853946,2428.09,21900,68.4,0.178410794602699,1.31,0.081,83.6,0.094,30911,199118.9775,4.44664327775985,3.65351131027615,0.27763173659828,7.79486433749271,0.006561,0.000531441,4.3046721e-05
2019,"ITC3","Liguria",6.02162115405029,32900,99.4,109.45,284.3,0.00132860824493291,2092,54.7024774854704,1.11387669171012,30424.95,21800,63.3,0.2085,1.21,0.176,83.5,0.158,536961,3233375.7165,4.69555918571577,5.65006519215021,0.198850858745165,10.3230186031466,0.030976,0.005451776,0.000959512576
2019,"ITC4","Lombardia",6.31878135835162,39900,100.5,5007.89,435.8,0.000750989444384478,2504.13,51.8389781393719,1.0627263524691,216522.62,26400,68.4,0.201,1.33,0.162,84.2,0.171,3926568,24811124.6807,8.51877194452945,6.0772063685529,0.29266961396282,12.2854503475211,0.026244,0.004251528,0.000688747536
2019,"ITF1","Abruzzo",6.53358568291645,25700,100.5,87.01,120.5,0.000481614036034373,1376.01,52.2126189779912,1.06789247440669,20068.46,16500,58.3,0.1945,1.17,0.25,83.7,0.247,399390,2609448.7859,4.46613797729253,4.7917327370393,0.165514438477573,9.90690520570063,0.0625,0.015625,0.00390625
2019,"ITF2","Molise",6.48690389490767,21900,102.2,49.73,68.2,0.000649875047465491,1133.34,52.3150965342557,1.04503877121462,4236.18,14500,54.7,0.181090545272636,1.15,0.381,83.6,0.245,91196,591579.6876,3.90680943837526,4.22259118166663,0.148420005118273,8.35141955935091,0.145161,0.055306341,0.021071715921
2019,"ITF3","Campania",6.0344119595179,19500,99.3,308.36,422.2,-0.00057577833074605,2426.41,49.3454005114998,1.07478509070035,73133.09,13300,41.5,0.147,1.31,0.497,82.1,0.267,1262484,7618348.5483,5.73130036069294,6.04550282059085,0.27763173659828,11.2000363476305,0.247009,0.122763473,0.061013446081
2019,"ITF4","Puglia",6.43539491156421,19600,99.1,265,206.8,-0.000105768348042924,2212.7,51.0213899215839,1.07747314295979,54520.76,13900,46.4,0.1435,1.2,0.374,83.7,0.295,988005,6358202.3496,5.5797675611233,5.33180049736459,0.19062035960865,10.9063370089683,0.139876,0.052313624,0.019565295376
2019,"ITF5","Basilicata",6.30071160090305,23300,100.3,85.12,55.7,-0.000703662760289125,760.49,51.6063952523153,1.05091371433497,7597.58,14200,50.8,0.159,1.15,0.347,83,0.284,139084,876328.1723,4.44417949989597,4.02015966403272,0.148420005118273,8.93558637072276,0.120409,0.041781923,0.014498327281
2019,"ITF6","Calabria",6.35747503749832,17700,101.7,99.22,126.5,-0.000118512973797369,1139.63,50.7573516607048,1.05802498474582,24292.74,12200,42,0.149,1.26,0.398,82.8,0.257,470021,2988146.7746,4.59744038792615,4.84032135642658,0.2390169004705,10.0979332309028,0.158404,0.063044792,0.025091827216
2019,"ITG1","Sicilia",6.35511389271337,18400,100,253.63,192.1,-0.000279161072572265,1992.06,50.5666454692402,1.07937766644806,64613.91,12900,41.3,0.132566283141571,1.33,0.487,82.3,0.25,953651,6060560.7189,5.53591593883183,5.25806812464035,0.29266961396282,11.0761851464344,0.237169,0.115501303,0.056249134561
2019,"ITG2","Sardegna",5.91037291106953,22000,96.6,237.39,68.3,0.000184036235866902,1068.14,52.2767422861092,1.05115322363097,23738.54,14700,53.9,0.164917541229385,1,0.281,83.6,0.139,323826,1913932.4183,5.46974648217557,4.22405616874376,0.00995033085316809,10.0748555879495,0.078961,0.022188041,0.006234839521
2019,"ITH1","Provincia Autonoma di Bolzano/Bozen",6.59208980555514,48700,98.8,443.55,72.2,0.00396181123223455,1585.48,50.2200621722114,1.04206975197187,12772.38,29100,74.1,0.158,1.71,0.115,84.5,0.127,66497,438354.1958,6.09483308008502,4.27957854046309,0.542324290825362,9.45504108891498,0.013225,0.001520875,0.000174900625
2019,"ITH2","Provincia Autonoma di Trento",6.04083391235198,39600,101.5,190.66,88.2,0.00365996531309256,1312.63,51.5460416615649,1.05876205971996,10757.82,23000,68.5,0.2015,1.42,0.14,84.9,0.141,184853,1116666.2712,5.25054418507635,4.47972033527068,0.357674444271816,9.28338914051461,0.0196,0.002744,0.00038416
2019,"ITH3","Veneto",6.63331924150762,34200,99.7,1099.51,282,0.000597711212643271,1794.32,52.0721398515205,1.06267361949853,94292.25,22700,67.6,0.184,1.29,0.111,84.3,0.189,2020429,13402150.5618,7.00262899991578,5.64194253130229,0.262364264467491,11.45415438678,0.012321,0.001367631,0.000151807041
2019,"ITH4","Friuli-Venezia Giulia",6.38560079902898,32700,101.9,217.41,159.9,0.00115782031933112,1265.6,53.553265206775,1.07611272744808,24214.54,22400,66.6,0.196901549225387,1.25,0.138,83.9,0.173,456429,2914573.3871,5.38183096677585,5.07461115697135,0.231111720963387,10.094708971142,0.019044,0.002628072,0.000362673936
2019,"ITH5","Emilia-Romagna",5.66930502278915,36600,99.9,2523.87,201.9,0.00076312848245902,2571.01,52.638948736336,1.07803872674996,95508.26,24900,70.4,0.218,1.3,0.155,84,0.137,1699932,9637433.026,7.83355267894926,5.30782205356228,0.27002713721306,11.4669681195782,0.024025,0.003723875,0.000577200625
2019,"ITI1","Toscana",5.53175670336033,33100,102.2,88.95,162.7,0.000598982531515781,2497.45,53.2094525392685,1.09427027545204,70957.51,21600,66.9,0.199099549774887,1.21,0.187,84.1,0.141,1412687,7814640.782,4.48818683050227,5.09196947515123,0.198850858745165,11.1698366671055,0.034969,0.006539203,0.001222830961
2019,"ITI2","Umbria",6.17987303125111,26600,99.8,72.22,105.5,0.00157805458879772,1709.76,53.186844010012,1.09703158918234,15597.48,19100,64.6,0.210394802598701,1.2,0.133,84.5,0.149,337524,2085855.465,4.27985547206276,4.658805735154,0.19062035960865,9.65486528285635,0.017689,0.002352637,0.000312900721
2019,"ITI3","Marche",6.22114741179773,28400,98.8,48.42,161.9,0.000436179389612223,1230.27,52.8497478748788,1.07891928027373,27365.53,19800,65,0.203898050974513,1.19,0.191,84.4,0.161,548682,3413431.6042,3.88011945641514,5.08704062529866,0.182321556793955,10.2170398366192,0.036481,0.006967871,0.001330863361
2019,"ITI4","Lazio",6.15812008331406,35200,99.5,357.33,343,0.00202210418534138,2965.3,51.4955922776341,1.0969119347817,107696.24,22000,61.2,0.2485,1.18,0.248,83.8,0.169,1755766,10812217.8662,5.87868770950502,5.83775960125991,0.173953307123438,11.5870700435968,0.061504,0.015252992,0.003782742016
2019,"LT01","Sostinės regionas",5.77784833136967,38400,106.1,48.8,86.6,0.0117065383955164,1023.26,48.4581712587582,1.24231321466258,15000.53,14100,79.3,0.52623688155922,1.35689,0.212,76.9,0.01,206247,1191663.8848,3.88793520989906,4.46141528234295,0.312538086325582,9.61584147943636,0.044944,0.009528128,0.002019963136
2019,"LT02","Vidurio ir vakarų Lietuvos regionas",5.17560471031418,21400,114.5,1498.6,37.2,0.000378024443032779,951.18,50.584291190037,1.21811187843834,27980.02,9900,70.3,0.3535,1.46291,0.283,76.4,0.017,635775,3290520.0847,7.31229329080265,3.61657754235853,0.387240035817491,10.2392463204133,0.080089,0.022665187,0.006414247921
2019,"LU00","Luxembourg",5.41329834520682,78900,96.9,421.26,239.8,0.0165989568231649,2267,46.8180426901316,0.99793738845985,16383.57,40800,67.9,0.44,1.34,0.206,82.7,0.091,1049678,5682220.1804,6.04327395828435,5.47984694314178,0.300104592450338,9.70403489274503,0.042436,0.008741816,0.001800814096
2019,"LV00","Latvija",6.22452335404435,21600,110.1,978.9,30.2,3.45553293520741e-06,1069.98,50.3927225228827,1.22971519498124,21734.08,9800,72.3,0.3355,1.61,0.273,75.7,0.038,368403,2293133.0772,6.88643970776327,3.40817299539858,0.482426149244293,9.98663727459149,0.074529,0.020346417,0.005554571841
2019,"NL11","Groningen",4.71984399939135,36000,90.4,961,247.9,0.00229729666739581,2222.48,48.364845904996,1.01250813299745,9877.99,24800,72.3,0.35,1.41,0.23,81.3,0.046,138011,651390.3902,6.86798481474342,5.51306577707386,0.350656871613169,9.19806534110057,0.0529,0.012167,0.00279841
2019,"NL12","Friesland (NL)",5.22993993048887,27700,100,2739,191,0.000652202840254839,1523.61,50.8311912781422,1.00480561221336,11159.59,25200,78.4,0.305347326336832,1.75,0.167,82,0.086,161413,844180.294,7.91535182022392,5.25232578269704,0.56531380905006,9.32005539299904,0.027889,0.004657463,0.000777796321
2019,"NL13","Drenthe",5.16733026213489,27000,99.5,971,184.5,0.00110312940869089,1735.58,52.1402176428564,1.02723156005222,8569.92,25900,77.5,0.312,1.73,0.143,81.9,0.119,122189,631390.9174,6.87833676689947,5.21770366255379,0.553885113226438,9.05601484353046,0.020449,0.002924207,0.000418161601
2019,"NL21","Overijssel",5.31417936556306,33400,100.9,2334,344.9,0.00124249657581977,1801.49,49.5369541880323,1.0030365742378,19827.7,26300,78.9,0.319,1.68,0.158,81.9,0.096,262532,1395142.1372,7.75534309732747,5.84328351343376,0.524728528934982,9.89483573325178,0.024964,0.003944312,0.000623201296
2019,"NL22","Gelderland",5.1108989967235,33500,100.5,2140,415.8,0.00171951336658919,1949.68,50.0284534283744,1.03372425776086,37062.3,27900,78.1,0.349174587293647,1.65,0.147,82.1,0.092,531359,2715722.18,7.66856578090218,6.03022842515877,0.506817602368452,10.5203558292514,0.021609,0.003176523,0.000466948881
2019,"NL23","Flevoland",5.44268585730887,29300,99.4,313,292.5,0.00381470473849227,2289.54,47.0871331870711,1.01625315404315,7378.82,28200,78.9,0.3005,1.77,0.158,82.4,0.12,78309,426211.2868,5.74623513891159,5.6784988541217,0.576613364303994,8.9063703684409,0.024964,0.003944312,0.000623201296
2019,"NL31","Utrecht",4.92898382443877,49700,101,865,934.6,0.00660947332337602,2367.25,47.957926868254,1.0582743796907,25817.33,33400,80.7,0.492007992007992,1.62,0.156,82.7,0.088,367097,1809415.175,6.7627410675587,6.84012932997369,0.488580014818671,10.1588016381796,0.024336,0.003796416,0.000592240896
2019,"NL32","Noord-Holland",4.93212376610261,53100,105,813,1041.2,0.00280429055798252,3288.09,48.4349198603282,1.04205606649533,55676.7,32500,78.8,0.452,1.46,0.17,82.4,0.079,713937,3521225.6452,6.70074340959517,6.94813877737702,0.385262400790645,10.9273172056189,0.0289,0.004913,0.00083521
2019,"NL33","Zuid-Holland",5.29417004190862,38400,96.5,837,1292.2,0.0018153949666016,2503.98,48.5651237429762,1.04201267429912,66754.33,29300,76.8,0.380309845077461,1.6,0.194,82.2,0.103,836582,4429007.362,6.72983601784941,7.16410920983425,0.476234178996372,11.1087745928755,0.037636,0.007301384,0.001416468496
2019,"NL34","Zeeland",5.34533240996531,31500,99.4,207,212.6,0.00223150611182246,1423.12,51.9876313206879,1.02970911323293,6747.84,26900,79.2,0.2745,1.73,0.143,82.6,0.125,79275,423751.2268,5.33276710127726,5.35945950149027,0.553885113226438,8.81697921461026,0.020449,0.002924207,0.000418161601
2019,"NL41","Noord-Brabant",5.26956645700664,40200,101.5,1940,514.8,0.00170385784095896,2275.77,49.8441346687148,1.00601349881944,46745.62,29400,80.1,0.35567783891946,1.55,0.139,82.3,0.099,561703,2959931.2876,7.57044840668326,6.24379790055273,0.444685821261446,10.7524760544119,0.019321,0.002685619,0.000373301041
2019,"NL42","Limburg (NL)",5.0217218235854,35000,101.1,436,517.7,0.0019961340815497,2603.08,51.6238828603481,1.02360795516025,19406.76,26000,75.8,0.314,1.43,0.153,81.8,0.09,257405,1292616.306,6.07766517886583,6.2494152399276,0.364643113587909,9.87337725324804,0.023409,0.003581577,0.000547981281
2019,"PL21","Małopolskie",7.34289544304345,20800,115.6,293,224,0.00027027836125729,372.41,47.7355107731585,1.08788963639953,44033.63,8400,67.8,0.31984007996002,1.51,0.185,79.2,0.161,786424,5774629.2059,5.6802067381275,5.41169069371572,0.418710334858185,10.6927091662389,0.034225,0.006331625,0.001171350625
2019,"PL22","Śląskie",7.17763014178839,23400,117,278,368.8,-8.8928551061785e-05,530.78,49.130487565233,1.09886687358557,67259.96,9100,66.2,0.293146573286643,1.38,0.138,77.5,0.136,784761,5632724.2077,5.62765708426671,5.9102816062823,0.3293037471426,11.1163205392638,0.019044,0.002628072,0.000362673936
2019,"PL41","Wielkopolskie",6.95703379162936,24800,114.8,2021,117.9,0.000100885477191966,399.59,47.6157608548125,1.08281345547549,48772.61,9100,70.7,0.269,1.55,0.175,78.1,0.177,553936,3853751.4704,7.6113526654369,4.76992162158858,0.444685821261446,10.7949243688113,0.030625,0.005359375,0.000937890625
2019,"PL42","Zachodniopomorskie",6.94842584660977,19000,110,167,76.6,-7.15141120769447e-05,569.44,48.6023837056865,1.08000883394881,22144.64,8100,66.3,0.277861069465267,1.32,0.171,77.5,0.166,250381,1739753.8119,5.11805369086353,4.33872761652873,0.285178942233662,10.0053512113103,0.029241,0.005000211,0.000855036081
2019,"PL43","Lubuskie",6.97849888860133,18500,111.4,87,72.6,-0.000334998734100623,691.52,48.1223324191749,1.07329118526299,11881.84,7400,67.7,0.242,1.35,0.145,76.9,0.164,139104,970737.1094,4.46602305457793,4.28510265339216,0.307484699747961,9.38276730469865,0.021025,0.003048625,0.000442050625
2019,"PL51","Dolnośląskie",7.00652581555073,24900,112.7,186,144.9,0.000200547378042643,889.72,48.8640324851411,1.10626966449609,40792.85,9200,70.6,0.33,1.38,0.145,77.5,0.125,465483,3261418.6562,5.22580043570886,4.97611286005783,0.3293037471426,10.616262345078,0.021025,0.003048625,0.000442050625
2019,"PL52","Opolskie",7.18583232014652,18000,114.2,286,101.4,-0.000227270610676305,465.31,48.9408701178192,1.08522910254312,11841.04,7400,68.9,0.248,1.33,0.17,78.2,0.191,129953,933820.4675,5.65602677524356,4.6191717056239,0.29266961396282,9.37932758693838,0.0289,0.004913,0.00083521
2019,"PL61","Kujawsko-pomorskie",7.12134973517444,18200,113.5,1086,116.8,-3.63200345646263e-05,445.85,48.1628088414165,1.09163875441987,24806.51,7500,66.3,0.233,1.39,0.232,77.5,0.189,299820,2135123.0776,6.99026570855462,4.76054868316761,0.336472236621213,10.1188618008259,0.053824,0.012487168,0.002897022976
2019,"PL62","Warmińsko-mazurskie",7.03047690656076,15600,109,1062,61.1,-0.000596504322705536,449.78,47.7135136268014,1.06867753695186,16409.46,7100,63.7,0.227,1.35,0.242,77.2,0.173,198407,1394895.8316,6.96791861795341,4.11267551890682,0.307484699747961,9.70561388618292,0.058564,0.014172488,0.003429742096
2019,"PL63","Pomorskie",7.03488653662189,22200,116,383,130.6,0.000453628552619856,608.7,47.7642835087143,1.08183518132621,30992.01,8600,71.2,0.3235,1.62,0.153,78.5,0.188,336602,2367956.878,5.94806109850037,4.87221578358943,0.488580014818671,10.3414850309744,0.023409,0.003581577,0.000547981281
2019,"PL71","Łódzkie",7.23184277072295,21500,117,1128,135.2,-0.000164221421672541,520.27,49.3957064011156,1.13137469963244,33353.54,8600,69.1,0.275,1.36,0.165,76.9,0.147,476742,3447723.1862,7.02821029726694,4.90682912537067,0.314810739840034,10.4149194924553,0.027225,0.004492125,0.000741200625
2019,"PL72","Świętokrzyskie",7.46129157861958,16300,113.3,224,105.1,-0.000808477750367466,283.95,49.0606276775422,1.0709902563188,14222.77,7000,65.4,0.2825,1.26,0.207,78,0.141,272960,2036634.1493,5.41169069371572,4.65500742083526,0.2390169004705,9.5626001835465,0.042849,0.008869743,0.001836036801
2019,"PL81","Lubelskie",7.48210791838389,15600,116.3,831,84,-0.000494951852048899,240.93,48.4292406634532,1.08730540805342,24159.6,7000,64.7,0.293353323338331,1.34,0.288,78.2,0.133,458831,3433023.0583,6.72264182847739,4.43093583937676,0.300104592450338,10.0924375095344,0.082944,0.023887872,0.006879707136
2019,"PL82","Podkarpackie",7.50178875142531,16100,115.1,166,117.8,-0.000163943016224343,229.61,47.5856125966864,1.06123402627463,22507.54,6600,63.8,0.275862068965517,1.38,0.223,79.4,0.164,508660,3815859.8663,5.11204802750598,4.76907315725803,0.3293037471426,10.0216060874619,0.049729,0.011089567,0.002472973441
2019,"PL84","Podlaskie",7.39759194344603,16500,117.8,2906,57.5,-0.000339607596242329,349.2,48.3953877509276,1.07366246146446,13117.38,7000,68.3,0.3105,1.42,0.208,78.7,0.15,222018,1642398.5681,7.97453628528054,4.05195884572566,0.357674444271816,9.48169410978147,0.043264,0.008998912,0.001871773696
2019,"PL91","Warszawski stołeczny",6.67203728046799,50100,123.2,166,510.2,0.00195235281336528,834.31,48.9771470105769,1.17879138087604,63732.44,14400,77.3,0.5305,1.6,0.134,79.5,0.103,622916,4156118.7746,5.11204802750598,6.23482240567243,0.476234178996372,11.0624491310026,0.017956,0.002406104,0.000322417936
2019,"PL92","Mazowiecki regionalny",7.44016629124517,19800,119.8,3233,79.5,-0.000362596173890056,366.88,47.8909276399914,1.058202869478,31027.37,8400,66.6,0.245622811405703,1.51,0.213,77,0.161,512757,3814997.347,8.08116887082303,4.37588279991339,0.418710334858185,10.3426253194593,0.045369,0.009663597,0.002058346161
2019,"PT11","Norte",4.61011103990887,21000,105.7,760.65,169.3,0.00051680489339094,1457.2,50.6824433096461,1.13580146160277,45571.57,11100,68.9,0.221110555277639,1.28793,0.232,82.4,0.082,1020099,4702769.6617,6.63418647747361,5.13173135414014,0.260770687705945,10.7270395555902,0.053824,0.012487168,0.002897022976
2019,"PT15","Algarve",4.08152694048736,27600,100.5,0.47,88.9,0.00688211628883565,2788.56,51.3845496069125,1.10180889127297,7746.09,14700,72.7,0.208395802098951,1.67784,0.232,80.7,0.042,84167,343529.878,-0.7339691750802,4.48762462213305,0.523449604951362,8.95494476988034,0.053824,0.012487168,0.002897022976
2019,"PT16","Centro (PT)",4.56598788433414,21300,106.9,214.39,79.2,0.000551554050634701,1146.32,53.0949146154377,1.14006416227785,30318.29,11300,71.5,0.23888055972014,1.36295,0.204,82,0.079,576419,2631922.1703,5.36784342919665,4.37210255347619,0.316961709516761,10.3195067695828,0.041616,0.008489664,0.001731891456
2019,"PT17","Área Metropolitana de Lisboa",4.07226055164447,32000,98.1,80.8,1015.9,0.00736162762963984,1905.29,50.1385047441324,1.1775489457515,48140.57,15900,72,0.336331834082959,1.62614,0.178,82.2,0.051,779125,3172800.0023,4.39210072024536,6.92354004153758,0.492339809091388,10.7818807594573,0.031684,0.005639752,0.001003875856
2019,"PT18","Alentejo",3.93097420987267,22400,100.7,263.39,22.7,9.1354315383657e-05,1187.28,53.4794342879166,1.09974279672497,9871.82,11900,69.7,0.193,1.54728,0.22,80.7,0.067,172314,677361.89,5.57367378930918,3.12280535611747,0.442940709696046,9.1974405255755,0.0484,0.010648,0.00234256
2019,"PT20","Região Autónoma dos Açores",4.58936552640604,21800,107.5,653.83,105.3,-0.000676959819701633,1504.24,47.7051798628478,1.07168014820719,3439.16,12100,65.6,0.1295,1.35461,0.367,78.8,0.142,34992,160591.0785,6.48286267320787,4.65690838139251,0.310868673527106,8.1429854421852,0.134689,0.049430863,0.018141126721
2019,"PT30","Região Autónoma da Madeira",5.15340195500933,23800,104.2,1.95,318,0.00201679732584656,1091.97,49.9001493482327,1.17616618459111,3516.04,11300,67.8,0.197401299350325,1.3177,0.322,78.8,0.046,82506,425186.5817,0.672944473242426,5.76208282882663,0.283448121919719,8.1650934794093,0.103684,0.033386248,0.010750371856
2019,"RO11","Nord-Vest",5.45305463165548,20200,131,680.9,75,-0.000316198355533441,742.48,48.3413754388276,1.07042646176927,29734.52,6500,67,0.176,1.69,0.193,75.7,0.176,894000,4875030.8407,6.52343013882549,4.31762143798155,0.53062825106217,10.3000642757269,0.037249,0.007189057,0.001387488001
2019,"RO12","Centru",5.53511029627848,20500,118.2,682.1,68.2,-0.000521427279324824,805.6,49.0766002341013,1.05960573365669,26540.8,6400,60.2,0.1705,1.85,0.244,76,0.204,735693,4072141.8992,6.52519093516016,4.22259118166663,0.62057648772511,10.1864388273903,0.059536,0.014526784,0.003544535296
2019,"RO21","Nord-Est",5.17683231078394,13900,103.9,878.4,87.5,-0.000670487486385284,953.98,48.8518048720055,1.02714000665923,28845.45,4300,73.1,0.107892107892108,2.14,0.471,74.6,0.162,1118153,5788490.5788,6.77811345502562,4.47175307254774,0.765467842139571,10.2697078938684,0.221841,0.104487111,0.049213429281
2019,"RO22","Sud-Est",5.2211008206137,17500,114.6,362.2,70.9,-0.00105180247923554,1239.43,50.0683944266294,1.05695488224748,24281.03,5400,60.4,0.13,1.84,0.401,74.4,0.249,932351,4867898.5712,5.89222415412396,4.26141146731591,0.615185639090233,10.097451077864,0.160801,0.064481201,0.025856961601
2019,"RO31","Sud - Muntenia",5.04869055628407,16500,98.8,418.3,86.1,-0.000971190655029782,880.66,50.3290268624706,1.05062892410655,28500.77,5000,64.9,0.1205,1.76,0.365,75.5,0.213,1133198,5721166.041,6.03622278444976,4.45562554870807,0.570979546585738,10.2576867343033,0.133225,0.048627125,0.017748900625
2019,"RO32","Bucureşti - Ilfov",5.50150502125035,50000,135.3,10.7,1321.9,-0.00171333328809505,1558.63,47.7978230182879,1.17219081536935,49532.04,14500,72.3,0.3855,1.55,0.14,77.2,0.128,1014807,5582965.8061,2.37117788445966,7.18683293942549,0.444685821261446,10.8103752137829,0.0196,0.002744,0.00038416
2019,"RO41","Sud-Vest Oltenia",4.82458155067556,17000,103.4,337.6,66.9,-0.00128254210986502,859.43,50.3061130188807,1.04802389029111,19086.44,5000,64,0.144427786106947,1.64,0.389,76.2,0.202,773134,3730048.0326,5.82189138313619,4.20334843279473,0.500775287912489,9.85673393819061,0.151321,0.058863869,0.022898045041
2019,"RO42","Vest",5.37746455239591,22400,133.7,293,55.7,-0.000284916563353957,1014.42,48.828142932304,1.07270816441266,22946.59,7400,60.6,0.1535,1.58,0.219,75.6,0.212,686399,3691086.2913,5.6802067381275,4.02015966403272,0.46373401623214,10.0409250563655,0.047961,0.010503459,0.002300257521
2019,"SE11","Stockholm",5.51821490697582,51700,103.9,21.78,361.8,0.00682899027525848,6204.58,47.2905210111781,1.01513560795261,48082.95,32900,79.5,0.4945,1.61,0.148,83.9,0.032,904496,4991203.3105,3.08145114895653,5.89111921215911,0.482426149244293,10.780683131374,0.021904,0.003241792,0.000479785216
2019,"SE12","Östra Mellansverige",5.58894475448631,31500,99.5,416.52,44.7,0.0015578054480452,5177.94,49.5291533614427,1.00104296635655,28646.11,24200,75.3,0.390304847576212,1.72,0.187,83,0.061,643569,3596871.5867,6.03195848782447,3.80019719024589,0.548121408509688,10.2627732853976,0.034969,0.006539203,0.001222830961
2019,"SE21","Småland med öarna",5.78134945687095,31300,101.8,787.09,26.2,0.0020722987613879,4053.99,50.6589675942058,0.985004054136527,14242.95,23800,78.8,0.3455,1.83,0.164,83.6,0.063,329940,1907498.4398,6.6683553051484,3.26614101733532,0.609765571620894,9.56401802853354,0.026896,0.004410944,0.000723394816
2019,"SE22","Sydsverige",5.92082768962945,31900,102.6,355.25,110.1,0.00631529653993589,5741.1,49.356033611591,1.01538186822906,26016.89,24600,73,0.422,1.72,0.254,83.1,0.059,557772,3302471.9021,5.87284991577174,4.7014798661255,0.548121408509688,10.1665016058451,0.064516,0.016387064,0.004162314256
2019,"SE23","Västsverige",5.64763904404045,36000,100.6,691.61,70.1,0.00457601463515112,5297.95,49.2606160637246,1.00211554007835,36143.68,26600,79.2,0.395697848924462,1.71,0.192,83.1,0.055,784824,4432402.6651,6.53903667184098,4.25006543721888,0.542324290825362,10.4952576618671,0.036864,0.007077888,0.001358954496
2019,"SE31","Norra Mellansverige",5.57633506869537,29900,101.5,171.61,13.5,0.00161904002569105,4422.61,51.5914498879133,0.993564117335568,13962.41,22600,75.4,0.3125,1.78,0.183,82.7,0.021,315669,1760276.1148,5.14528273037897,2.60343015197211,0.582215619852664,9.5441247137281,0.033489,0.006128487,0.001121513121
2019,"SE32","Mellersta Norrland",5.22025702897418,31700,100.2,110.54,5.3,0.00165428025318562,4271.93,51.5913475952218,0.986224510050417,6151.72,23100,76.2,0.345672836418209,1.82,0.236,82.1,0.015,140746,734730.2958,4.70546790730346,1.66959183525385,0.60431596685333,8.72448862205592,0.055696,0.013144256,0.003102044416
2019,"SE33","Övre Norrland",4.90478501116548,36500,103.6,149.98,3.4,0.00103050900315738,3537.11,50.2942903992746,0.96768347506837,8652.09,24000,75.9,0.367816091954023,1.7,0.166,82.2,0.057,199275,977401.0331,5.01056862520727,1.22671229129543,0.536493370514568,9.06555734502742,0.027556,0.004574296,0.000759333136
2019,"SK01","Bratislavský kraj",6.14848366451666,51000,102.8,41.82,328.8,0.00841269985657931,771.23,48.30752790445,1.14136380651835,12122.5,18700,77.1,0.434,1.65,0.079,79.3,0.11,145891,897008.4303,3.73361378545411,5.79548007634484,0.506817602368452,9.40281933389152,0.006241,0.000493039,3.8950081e-05
2019,"SK02","Západné Slovensko",6.09978776034368,20400,105.4,453.38,123,0.000129031800842908,343.57,48.336566128698,1.06498280981932,19743.53,9900,70.1,0.212606303151576,1.4,0.113,78,0.128,217645,1327588.3071,6.11675268225014,4.81226565288069,0.343589704390077,9.89058162821653,0.012769,0.001442897,0.000163047361
2019,"SK03","Stredné Slovensko",6.17027789609352,17900,103.9,235.03,82.7,-0.000441927880406283,383.28,47.5508768919933,1.06769139035859,14844.74,10000,68.1,0.220610305152576,1.49,0.215,77.2,0.118,177679,1096328.8063,5.45975571242557,4.41534051370382,0.405465108108164,9.60540154636895,0.046225,0.009938375,0.002136750625
2019,"SK04","Východné Slovensko",6.18433429298525,15500,103,174.02,103.9,-0.000541412278487508,372.63,46.5140912449076,1.0568659288011,15786.69,7900,63.4,0.2245,1.69,0.212,77.6,0.153,173292,1071695.6583,5.15922769814608,4.64352513986456,0.53062825106217,9.66692309237403,0.044944,0.009528128,0.002019963136
